#{"t_start": 1589052117.7249138, "env_id": null}
r,l,t
26,51,3.470004
29,51,4.295554
32,51,5.141947
32,51,5.998116
32,51,6.858241
32,51,7.784193
29,51,8.659018
29,51,9.480841
32,51,10.330402
29,51,11.218207
29,51,12.143131
32,51,13.005539
32,51,13.878126
30,51,14.75591
32,51,15.636821
25,51,16.471528
30,51,17.353281
32,51,18.226065
30,51,19.089514
27,51,19.925368
32,51,20.772018
32,51,21.627895
29,51,22.468909
32,51,23.320273
30,51,24.15361
29,51,24.985958
32,51,25.845625
29,51,26.748925
-4,9,26.857079
30,51,27.689407
29,51,28.520504
26,51,29.304147
27,51,30.138508
29,51,30.96346
32,51,31.801478
27,51,32.599384
29,51,33.429791
32,51,34.27533
30,51,35.124146
32,51,35.961526
32,51,36.805534
24,51,37.598166
29,51,38.426838
32,51,39.269909
29,51,40.100098
32,51,40.93948
30,51,41.788428
32,51,42.632499
26,51,43.437056
29,51,44.268344
29,51,45.094141
29,51,45.899193
32,51,46.742843
29,51,47.568492
32,51,48.403236
29,51,49.228234
29,51,50.040339
32,51,50.883401
32,51,51.723248
32,51,52.567254
29,51,53.391559
32,51,54.22972
32,51,55.080809
32,51,55.916868
29,51,56.727936
28,51,57.542952
32,51,58.381707
32,51,59.239123
32,51,60.078846
29,51,60.908085
29,51,61.731742
29,51,62.557493
32,51,63.400804
27,51,64.212477
32,51,65.053801
32,51,65.890234
29,51,66.699719
29,51,67.527813
32,51,68.370456
32,51,69.213788
29,51,70.039165
32,51,70.880281
32,51,71.729864
32,51,72.567801
29,51,73.395638
29,51,74.223359
32,51,75.070481
32,51,75.915119
32,51,76.755821
32,51,77.608539
32,51,78.445754
29,51,79.25295
32,51,80.08808
32,51,80.925573
32,51,81.763764
32,51,82.601698
32,51,83.439453
32,51,84.284629
32,51,85.126543
29,51,85.953553
29,51,86.771927
32,51,87.609634
32,51,88.447559
29,51,89.262179
29,51,90.086275
32,51,90.926406
32,51,91.767976
32,51,92.61244
32,51,93.456344
32,51,94.306148
32,51,95.143075
32,51,95.980104
32,51,96.826579
32,51,97.667453
29,51,98.495218
32,51,99.325612
32,51,100.166605
29,51,100.994268
32,51,101.841127
32,51,102.681249
32,51,103.531077
29,51,104.358813
32,51,105.202651
29,51,106.025839
29,51,106.851148
32,51,107.690433
32,51,108.516621
32,51,109.361688
29,51,110.176078
32,51,111.015708
32,51,111.936645
32,51,112.777749
32,51,113.618054
32,51,114.464921
32,51,115.300444
32,51,116.135858
32,51,116.976312
32,51,117.818196
29,51,118.657754
32,51,119.511156
32,51,120.367019
29,51,121.178437
32,51,122.02404
26,51,122.802041
32,51,123.639867
29,51,124.46504
26,51,125.257463
29,51,126.091655
29,51,126.899244
32,51,127.739896
32,51,128.596419
29,51,129.41956
32,51,130.265568
29,51,131.073074
32,51,131.911122
32,51,132.751843
32,51,133.606809
29,51,134.464722
31,51,135.295891
29,51,136.121305
29,51,136.93281
29,51,137.756179
32,51,138.601313
32,51,139.445322
26,51,140.238823
25,51,141.030908
32,51,141.873108
29,51,142.705091
32,51,143.545855
29,51,144.372644
32,51,145.218632
29,51,146.044004
32,51,146.888518
32,51,147.725382
26,51,148.522457
32,51,149.361507
32,51,150.199793
29,51,151.039215
29,51,151.863493
29,51,152.68536
32,51,153.524111
29,51,154.3515
29,51,155.163786
29,51,155.987215
29,51,156.811035
29,51,157.63627
32,51,158.479838
28,51,159.324423
29,51,160.149959
32,51,160.994921
29,51,161.818487
32,51,162.658947
32,51,163.517722
32,51,164.360662
32,51,165.20452
32,51,166.040751
32,51,166.884948
29,51,167.701084
32,51,168.545437
32,51,169.390196
32,51,170.23334
29,51,171.066294
32,51,171.924006
29,51,172.73887
32,51,173.589163
30,51,174.427632
32,51,175.275579
32,51,176.118598
30,51,176.97089
30,51,177.818672
30,51,178.664673
32,51,179.508394
29,51,180.339996
29,51,181.150978
32,51,181.991374
32,51,182.846304
29,51,183.679812
32,51,184.525562
32,51,185.361207
26,51,186.156094
29,51,186.980203
27,51,187.794689
29,51,188.632277
29,51,189.467198
29,51,190.292994
29,51,191.116936
29,51,191.948407
32,51,192.790097
29,51,193.616597
32,51,194.465834
26,51,195.241256
29,51,196.050591
29,51,196.862649
32,51,197.703237
29,51,198.53068
32,51,199.378267
32,51,200.223376
32,51,201.074289
32,51,201.913902
29,51,202.741737
32,51,203.500373
32,51,204.33917
32,51,205.184467
32,51,206.024278
30,51,206.75687
32,51,207.594191
29,51,208.425684
29,51,209.267083
32,51,210.113375
29,51,210.93745
30,51,211.659894
29,51,212.467409
32,51,213.295144
32,51,214.137438
32,51,214.978785
32,51,215.827328
29,51,216.655244
29,51,217.486133
29,51,218.311631
32,51,219.149272
32,51,219.999327
31,51,220.840734
29,51,221.652192
29,51,222.483844
32,51,223.342654
29,51,224.182607
32,51,225.022636
32,51,225.871028
29,51,226.688919
32,51,227.528437
32,51,228.370316
29,51,229.178801
32,51,230.023189
30,51,230.859816
32,51,231.701056
32,51,232.542609
32,51,233.384426
32,51,234.226127
24,51,235.019582
32,51,235.860197
32,51,236.699767
32,51,237.538709
29,51,238.355503
32,51,239.216151
32,51,240.055257
26,51,240.862938
29,51,241.685999
29,51,242.516058
29,51,243.333553
29,51,244.158327
32,51,245.009389
32,51,245.847849
32,51,246.690009
32,51,247.521208
29,51,248.351574
32,51,249.191232
29,51,250.01932
29,51,250.848111
32,51,251.707227
29,51,252.517283
29,51,253.34164
29,51,254.167334
29,51,254.983492
32,51,255.826605
29,51,256.6556
29,51,257.480307
26,51,258.272631
32,51,259.12566
32,51,259.968791
32,51,260.808627
32,51,261.646121
32,51,262.48349
32,51,263.337956
32,51,264.179014
29,51,265.008069
32,51,265.843933
29,51,266.668201
29,51,267.499594
32,51,268.340933
32,51,269.183758
32,51,270.027195
32,51,270.877532
32,51,271.721368
32,51,272.56119
32,51,273.404441
32,51,274.24406
29,51,275.067929
29,51,275.900522
32,51,276.742944
29,51,277.56818
32,51,278.406736
29,51,279.221367
29,51,280.051181
32,51,280.908346
32,51,281.759934
29,51,282.583518
28,51,283.411407
29,51,284.241629
26,51,285.019046
32,51,285.861121
29,51,286.684065
29,51,287.503288
32,51,288.345631
32,51,289.203694
29,51,290.012236
32,51,290.850637
29,51,291.659975
32,51,292.50013
26,51,293.294578
32,51,294.124666
32,51,294.959925
29,51,295.76762
32,51,296.613045
32,51,297.457098
29,51,298.287518
31,51,299.122425
32,51,299.963881
29,51,300.79385
32,51,301.63931
32,51,302.483827
29,51,303.309117
32,51,304.149177
29,51,304.977261
32,51,305.816715
29,51,306.640645
32,51,307.478455
29,51,308.328474
32,51,309.172345
32,51,310.010813
29,51,310.810583
32,51,311.674643
26,51,312.45403
32,51,313.296177
32,51,314.136111
32,51,314.975688
32,51,315.814849
29,51,316.626267
29,51,317.443616
29,51,318.269102
-4,7,318.354393
29,51,319.191617
32,51,320.033823
32,51,320.874838
29,51,321.69794
27,51,322.525594
32,51,323.383118
29,51,324.214124
32,51,325.06054
32,51,325.934263
32,51,326.772223
29,51,327.601393
32,51,328.461063
29,51,329.26636
29,51,330.093984
32,51,330.934711
32,51,331.771665
29,51,332.600551
32,51,333.440672
32,51,334.283883
29,51,335.101279
32,51,335.942497
32,51,336.789473
32,51,337.630543
32,51,338.476648
29,51,339.301264
32,51,340.137804
29,51,340.978055
29,51,341.800117
32,51,342.650203
32,51,343.492783
32,51,344.329055
32,51,345.171065
32,51,346.01223
32,51,346.859053
32,51,347.694902
32,51,348.53697
32,51,349.380699
32,51,350.217285
32,51,351.056717
32,51,351.894555
32,51,352.733478
32,51,353.576933
26,51,354.368748
29,51,355.196564
32,51,356.036221
29,51,356.862249
32,51,357.706693
29,51,358.533802
29,51,359.363862
26,51,360.15776
29,51,360.966394
32,51,361.808403
29,51,362.632112
32,51,363.477989
31,51,364.308215
29,51,365.137089
32,51,365.989136
29,51,366.787942
32,51,367.627264
29,51,368.462117
32,51,369.309117
29,51,370.141352
29,51,370.968585
29,51,371.795574
29,51,372.620588
32,51,373.460774
29,51,374.291218
32,51,375.137319
32,51,375.979429
32,51,376.817734
29,51,377.644234
27,51,378.473485
30,51,379.332725
29,51,380.187018
29,51,381.009619
32,51,381.840471
32,51,382.682484
30,51,383.528844
29,51,384.354024
32,51,385.193274
29,51,386.005489
32,51,386.85088
32,51,387.694093
29,51,388.515379
29,51,389.342165
29,51,390.146819
31,51,390.918772
29,51,391.740412
32,51,392.574269
29,51,393.384117
32,51,394.220564
32,51,395.055689
30,51,395.798333
29,51,396.553401
29,51,397.359184
32,51,398.193194
30,51,399.029785
32,51,399.865032
32,51,400.70415
26,51,401.499499
29,51,402.327629
32,51,403.190673
32,51,404.030815
29,51,404.8432
32,51,405.67822
29,51,406.502952
32,51,407.349792
29,51,408.17042
32,51,409.010982
32,51,409.866205
32,51,410.738714
29,51,411.603367
32,51,412.476729
32,51,413.326727
32,51,414.133351
29,51,414.952644
32,51,415.801143
32,51,416.683993
29,51,417.561711
29,51,418.388271
32,51,419.250128
32,51,420.092287
32,51,420.935442
32,51,421.765463
32,51,422.602753
32,51,423.445808
32,51,424.282244
27,51,424.993976
30,51,425.732905
30,51,426.58241
32,51,427.423757
29,51,428.254075
30,51,429.120843
32,51,429.972277
32,51,430.810063
30,51,431.640911
29,51,432.465032
29,51,433.318298
32,51,434.155504
29,51,434.979376
30,51,435.818104
30,51,436.672749
30,51,437.515403
32,51,438.356818
29,51,439.184425
30,51,440.030431
30,51,440.860449
32,51,441.702947
32,51,442.545805
32,51,443.384757
32,51,444.224389
32,51,445.072101
32,51,445.9268
29,51,446.749806
29,51,447.559978
32,51,448.401505
29,51,449.196902
32,51,450.035334
32,51,450.87683
29,51,451.702679
32,51,452.543281
29,51,453.375318
32,51,454.213529
29,51,455.029197
28,51,455.8521
29,51,456.67375
32,51,457.51302
32,51,458.370985
32,51,459.213611
29,51,460.039631
32,51,460.881255
32,51,461.719877
32,51,462.579695
32,51,463.443522
32,51,464.28086
32,51,465.118368
29,51,465.939059
29,51,466.764127
32,51,467.535264
32,51,468.376473
32,51,469.225196
32,51,470.056122
26,51,470.815808
32,51,471.666841
29,51,472.493135
32,51,473.328694
32,51,474.174496
29,51,475.007378
29,51,475.815471
29,51,476.651006
29,51,477.478347
32,51,478.323971
32,51,479.164579
29,51,479.996674
32,51,480.831019
29,51,481.655704
32,51,482.494208
32,51,483.330243
29,51,484.154033
29,51,484.972695
32,51,485.791752
29,51,486.601761
32,51,487.435107
32,51,488.277067
32,51,489.114059
29,51,489.941435
32,51,490.786242
32,51,491.616084
29,51,492.438101
32,51,493.282814
30,51,494.131559
29,51,494.974585
32,51,495.81824
32,51,496.658182
27,51,497.370212
29,51,498.176512
28,51,498.930446
29,51,499.743705
29,51,500.56798
32,51,501.414915
32,51,502.251471
32,51,503.093116
32,51,503.937757
32,51,504.776339
29,51,505.598757
32,51,506.420271
29,51,507.21836
30,51,507.952121
32,51,508.78446
29,51,509.597008
32,51,510.44666
27,51,511.279358
32,51,512.116372
29,51,512.938306
32,51,513.778894
29,51,514.604417
32,51,515.4488
29,51,516.275248
32,51,517.116359
32,51,517.961649
29,51,518.771685
32,51,519.613807
29,51,520.439145
32,51,521.283253
29,51,522.115632
32,51,522.95905
32,51,523.807684
29,51,524.637978
27,51,525.490396
29,51,526.331818
32,51,527.165525
29,51,527.997825
32,51,528.847655
30,51,529.572162
32,51,530.408622
32,51,531.245895
29,51,532.075508
32,51,532.917362
29,51,533.747225
29,51,534.566605
32,51,535.397607
32,51,536.2493
29,51,537.058482
29,51,537.873388
32,51,538.715454
29,51,539.544021
32,51,540.381177
31,51,541.2014
29,51,542.015874
32,51,542.853495
29,51,543.672885
29,51,544.502133
32,51,545.334386
32,51,546.174847
29,51,547.005753
32,51,547.836096
32,51,548.677495
32,51,549.510847
32,51,550.354376
32,51,551.191614
31,51,552.02823
32,51,552.871319
32,51,553.710985
32,51,554.551167
29,51,555.395053
29,51,556.220009
32,51,557.061794
32,51,557.908235
32,51,558.759739
32,51,559.597197
29,51,560.420611
29,51,561.247425
29,51,562.078301
29,51,562.904853
32,51,563.7431
29,51,564.56882
32,51,565.411532
29,51,566.232853
32,51,567.079469
32,51,567.925222
32,51,568.762697
32,51,569.612055
29,51,570.437013
32,51,571.274811
29,51,572.099366
32,51,572.938933
32,51,573.782579
32,51,574.624582
32,51,575.467041
32,51,576.307222
29,51,577.131821
32,51,577.973515
32,51,578.812745
26,51,579.60772
32,51,580.449595
32,51,581.285907
32,51,582.147198
32,51,583.000273
29,51,583.825427
29,51,584.650658
29,51,585.470286
32,51,586.319147
32,51,587.144196
29,51,587.966454
32,51,588.804073
32,51,589.643435
29,51,590.450185
32,51,591.288054
29,51,592.091627
32,51,592.926808
32,51,593.764261
32,51,594.606399
32,51,595.445032
32,51,596.267922
29,51,597.114661
32,51,598.007583
29,51,599.220993
32,51,600.071588
26,51,601.280092
32,51,602.311811
32,51,603.319652
32,51,604.466763
32,51,605.606707
29,51,606.600745
5,51,607.342337
7,51,607.961025
20,51,608.709833
30,51,609.44983
22,51,610.202497
29,51,611.030907
25,51,611.814182
29,51,612.656385
32,51,613.518809
31,51,614.412809
26,51,615.213013
28,51,616.043841
29,51,616.873451
29,51,617.772345
29,51,618.634892
28,51,619.471103
28,51,620.295892
29,51,621.134077
32,51,621.975244
29,51,622.797894
29,51,623.60775
32,51,624.444084
29,51,625.281289
28,51,626.096524
32,51,626.941839
32,51,627.780273
32,51,628.622702
32,51,629.462939
26,51,630.196342
11,34,630.659132
32,51,631.48561
32,51,632.325108
29,51,633.152173
30,51,633.886277
30,51,634.609817
32,51,635.43866
32,51,636.294735
29,51,637.097805
29,51,637.922275
32,51,638.772414
32,51,639.60802
29,51,640.43478
32,51,641.274476
29,51,642.091926
32,51,642.93425
32,51,643.77074
29,51,644.595274
29,51,645.416726
32,51,646.262187
32,51,647.106237
32,51,647.942075
32,51,648.783138
29,51,649.612725
29,51,650.421939
32,51,651.26425
32,51,652.093147
32,51,652.93091
32,51,653.767302
29,51,654.580882
29,51,655.411301
32,51,656.247226
32,51,657.094284
29,51,657.920803
32,51,658.739316
32,51,659.590824
32,51,660.43448
32,51,661.288449
32,51,662.140642
32,51,662.996971
29,51,663.825133
32,51,664.671528
32,51,665.511184
29,51,666.315673
29,51,667.145439
29,51,667.963756
29,51,668.784321
29,51,669.609424
32,51,670.443428
32,51,671.284408
32,51,672.127575
32,51,672.956804
26,51,673.733188
32,51,674.567496
29,51,675.387993
29,51,676.220202
29,51,677.042048
29,51,677.863743
29,51,678.691429
29,51,679.511967
32,51,680.359414
32,51,681.256979
32,51,682.156454
29,51,682.980771
32,51,683.820025
32,51,684.662658
29,51,685.485024
32,51,686.320976
29,51,687.137807
32,51,687.970341
32,51,688.810838
32,51,689.67588
30,51,690.510912
32,51,691.345474
32,51,692.172703
32,51,693.014089
32,51,693.853932
29,51,694.664794
32,51,695.504562
29,51,696.330616
29,51,697.142068
29,51,698.006913
28,51,698.828031
32,51,699.665375
32,51,700.495964
32,51,701.346392
32,51,702.221315
32,51,703.09461
29,51,703.942928
29,51,704.781822
26,51,705.578936
29,51,706.4113
32,51,707.265231
30,51,708.108999
32,51,708.945123
29,51,709.760376
32,51,710.597871
26,51,711.390097
26,51,712.166478
29,51,713.007362
29,51,713.8364
29,51,714.654526
32,51,715.53771
26,51,716.347166
29,51,717.199175
32,51,718.093441
32,51,718.94012
29,51,719.773715
32,51,720.636945
32,51,721.480325
32,51,722.327671
27,51,723.182489
32,51,724.043107
29,51,724.895782
32,51,725.781867
29,51,726.608203
32,51,727.468365
29,51,728.320755
29,51,729.168855
26,51,729.953471
32,51,730.799684
32,51,731.65856
32,51,732.490777
29,51,733.317758
32,51,734.153378
32,51,734.997734
29,51,735.802047
32,51,736.642928
32,51,737.481577
29,51,738.308515
29,51,739.136318
32,51,739.98009
29,51,740.802877
32,51,741.63597
29,51,742.459914
29,51,743.271808
32,51,744.108101
32,51,744.946621
29,51,745.772315
32,51,746.627364
32,51,747.472218
29,51,748.301265
29,51,749.126999
32,51,749.970902
32,51,750.805828
32,51,751.646647
32,51,752.488263
32,51,753.322136
29,51,754.144664
29,51,754.962778
32,51,755.806374
29,51,756.638792
32,51,757.485339
32,51,758.344863
32,51,759.187067
32,51,760.029065
32,51,760.865493
32,51,761.720174
29,51,762.543761
32,51,763.38342
30,51,764.230929
29,51,765.054135
32,51,765.896465
32,51,766.734452
29,51,767.560042
32,51,768.417182
29,51,769.263362
29,51,770.070924
32,51,770.912945
29,51,771.733687
32,51,772.581602
29,51,773.396899
32,51,774.241025
32,51,775.079517
32,51,775.908061
32,51,776.753291
32,51,777.592856
32,51,778.434593
32,51,779.281475
32,51,780.12155
32,51,780.970875
32,51,781.812993
29,51,782.644626
32,51,783.494929
29,51,784.424169
29,51,785.274006
29,51,786.113426
23,51,786.889619
32,51,787.728174
29,51,788.553433
29,51,789.390577
32,51,790.230147
29,51,791.055991
32,51,791.89458
32,51,792.733654
29,51,793.563637
32,51,794.403008
29,51,795.22952
29,51,796.054711
32,51,796.893832
32,51,797.750172
29,51,798.574839
29,51,799.399427
29,51,800.226348
29,51,801.051201
32,51,801.894172
32,51,802.734038
29,51,803.56031
32,51,804.399782
32,51,805.24032
29,51,806.075098
29,51,806.900352
32,51,807.740214
32,51,808.580077
29,51,809.42593
29,51,810.240834
32,51,811.080076
32,51,811.920901
32,51,812.757649
29,51,813.589498
29,51,814.419651
29,51,815.242035
32,51,816.081442
32,51,816.920194
32,51,817.760451
31,51,818.619115
32,51,819.458866
32,51,820.297414
29,51,821.123328
29,51,821.952596
32,51,822.795309
29,51,823.619104
32,51,824.460302
32,51,825.298746
29,51,826.133356
32,51,826.984496
32,51,827.850487
30,51,828.714411
32,51,829.565177
32,51,830.409466
32,51,831.251073
29,51,832.077348
29,51,832.888721
29,51,833.713687
29,51,834.536498
32,51,835.379489
32,51,836.219877
32,51,837.071163
32,51,837.908326
29,51,838.751079
29,51,839.572945
31,51,840.406722
32,51,841.244711
32,51,842.086506
32,51,842.924076
32,51,843.766796
29,51,844.590625
29,51,845.4002
32,51,846.25429
32,51,847.095663
29,51,847.928774
32,51,848.798647
32,51,849.635449
32,51,850.476288
29,51,851.306475
32,51,852.161841
32,51,853.002831
32,51,853.84422
32,51,854.730704
32,51,855.571086
32,51,856.418667
32,51,857.266734
29,51,858.097578
32,51,858.935111
29,51,859.740809
29,51,860.575832
32,51,861.415832
29,51,862.243154
29,51,863.071259
32,51,863.909073
32,51,864.755122
29,51,865.58047
32,51,866.420409
32,51,867.260713
32,51,868.102582
29,51,868.931359
32,51,869.799242
32,51,870.643015
32,51,871.483627
32,51,872.320394
32,51,873.164961
32,51,874.004663
29,51,874.815141
29,51,875.639137
32,51,876.477732
32,51,877.327864
25,51,878.138058
29,51,878.954847
32,51,879.818543
32,51,880.683211
32,51,881.54244
32,51,882.385457
32,51,883.224362
29,51,884.051369
32,51,884.891978
32,51,885.737431
32,51,886.586515
29,51,887.4212
32,51,888.285497
29,51,889.094165
32,51,889.944532
32,51,890.786438
32,51,891.625004
29,51,892.431628
32,51,893.273975
29,51,894.103732
32,51,894.943895
29,51,895.756703
29,51,896.581581
32,51,897.424103
32,51,898.273192
32,51,899.113274
29,51,899.951399
32,51,900.789198
29,51,901.61463
32,51,902.459135
32,51,903.297834
29,51,904.132179
32,51,904.971531
29,51,905.797648
29,51,906.627217
32,51,907.466459
32,51,908.323418
32,51,909.161076
32,51,910.002676
29,51,910.815255
32,51,911.65257
29,51,912.482056
32,51,913.321324
32,51,914.160692
32,51,915.004898
32,51,915.847506
29,51,916.674334
32,51,917.521457
29,51,918.349553
32,51,919.196391
32,51,920.040919
29,51,920.88965
32,51,921.726658
32,51,922.565194
29,51,923.402167
32,51,924.243755
32,51,925.081173
32,51,925.91984
29,51,926.742599
32,51,927.593203
32,51,928.440481
29,51,929.282175
29,51,930.113789
32,51,930.956275
29,51,931.785889
32,51,932.62393
29,51,933.451457
32,51,934.291793
32,51,935.128446
29,51,935.959484
32,51,936.804394
29,51,937.634604
32,51,938.485191
32,51,939.32168
29,51,940.154391
26,51,940.9384
29,51,941.758259
29,51,942.58487
29,51,943.405338
32,51,944.249355
32,51,945.091978
29,51,945.914325
32,51,946.758379
32,51,947.599714
32,51,948.444073
32,51,949.280911
29,51,950.090051
32,51,950.926877
32,51,951.766634
32,51,952.611262
29,51,953.449904
32,51,954.28829
32,51,955.124742
32,51,955.962899
32,51,956.808148
29,51,957.63348
32,51,958.47807
32,51,959.322672
32,51,960.159627
32,51,961.002816
32,51,961.846016
32,51,962.687459
32,51,963.522152
29,51,964.33073
32,51,965.174714
32,51,966.014212
32,51,966.853041
32,51,967.695907
29,51,968.520984
32,51,969.371018
29,51,970.205498
29,51,971.029511
29,51,971.855282
29,51,972.682024
29,51,973.510775
29,51,974.334751
29,51,975.162075
32,51,976.000515
32,51,976.842683
29,51,977.680747
32,51,978.524643
32,51,979.365855
32,51,980.206075
32,51,981.047596
32,51,981.891669
29,51,982.739341
32,51,983.59256
32,51,984.432176
29,51,985.262765
32,51,986.168743
32,51,987.037825
29,51,987.87327
32,51,988.722986
32,51,989.563414
32,51,990.41359
32,51,991.258622
29,51,992.069761
32,51,992.906593
32,51,993.746922
29,51,994.582307
32,51,995.448277
32,51,996.344792
32,51,997.185465
29,51,998.01238
32,51,998.85338
32,51,999.695298
32,51,1000.535564
32,51,1001.438644
32,51,1002.277556
32,51,1003.124455
32,51,1003.962449
29,51,1004.788241
32,51,1005.628133
32,51,1006.470292
32,51,1007.318987
29,51,1008.130835
29,51,1008.97226
32,51,1009.821044
26,51,1010.607441
32,51,1011.464274
29,51,1012.29251
29,51,1013.118666
26,51,1013.914573
32,51,1014.756062
32,51,1015.6037
32,51,1016.464804
32,51,1017.303456
32,51,1018.14955
28,51,1018.971353
32,51,1019.825636
29,51,1020.65836
32,51,1021.502735
29,51,1022.334609
29,51,1023.16154
32,51,1024.011198
29,51,1024.842485
32,51,1025.689767
32,51,1026.535559
32,51,1027.386828
32,51,1028.236418
32,51,1029.075387
32,51,1029.922841
32,51,1030.764139
32,51,1031.622703
32,51,1032.469392
32,51,1033.323829
32,51,1034.169791
32,51,1035.010847
32,51,1035.864861
32,51,1036.717506
32,51,1037.55552
32,51,1038.403889
29,51,1039.223781
32,51,1040.06365
29,51,1040.895209
32,51,1041.7379
32,51,1042.57568
29,51,1043.407493
29,51,1044.24103
32,51,1045.086117
29,51,1045.911212
29,51,1046.745177
32,51,1047.583721
32,51,1048.428268
32,51,1049.285477
32,51,1050.123151
32,51,1050.960499
32,51,1051.803918
32,51,1052.643898
29,51,1053.479292
32,51,1054.320637
32,51,1055.160603
29,51,1055.984551
32,51,1056.823257
29,51,1057.651279
32,51,1058.502914
32,51,1059.339692
32,51,1060.194767
29,51,1061.034696
32,51,1061.878182
32,51,1062.736291
29,51,1063.552319
32,51,1064.393276
29,51,1065.217519
32,51,1066.067252
32,51,1066.912883
29,51,1067.737672
29,51,1068.595529
32,51,1069.472973
32,51,1070.324098
32,51,1071.19813
32,51,1072.063815
29,51,1072.885952
32,51,1073.76579
32,51,1074.633798
32,51,1075.495204
29,51,1076.340127
29,51,1077.172723
32,51,1078.020123
32,51,1078.866068
32,51,1079.707164
32,51,1080.548598
32,51,1081.385842
29,51,1082.196618
29,51,1083.028098
29,51,1083.843548
29,51,1084.667548
32,51,1085.50638
32,51,1086.346837
29,51,1087.156334
27,51,1087.84969
30,51,1088.572352
30,51,1089.290818
30,51,1090.012604
30,51,1090.752762
30,51,1091.485401
7,51,1092.099598
30,51,1092.939783
32,51,1093.790243
31,51,1094.622866
29,51,1095.446087
32,51,1096.289418
32,51,1097.127434
29,51,1097.95111
32,51,1098.818142
32,51,1099.660245
32,51,1100.505312
32,51,1101.34549
32,51,1102.186683
32,51,1103.031747
30,51,1103.869179
32,51,1104.708842
29,51,1105.535272
32,51,1106.383132
29,51,1107.213431
32,51,1108.055054
29,51,1108.883033
32,51,1109.730583
29,51,1110.542051
32,51,1111.384655
29,51,1112.209558
32,51,1113.053159
32,51,1113.892711
32,51,1114.731089
29,51,1115.560367
32,51,1116.39747
32,51,1117.243536
32,51,1118.08443
29,51,1118.910996
29,51,1119.738309
29,51,1120.574852
29,51,1121.404735
32,51,1122.242767
32,51,1123.105477
29,51,1123.922675
32,51,1124.758988
32,51,1125.603997
32,51,1126.448157
32,51,1127.286885
29,51,1128.103571
26,51,1128.915841
29,51,1129.739913
32,51,1130.579961
32,51,1131.421354
29,51,1132.235527
32,51,1133.079108
26,51,1133.859062
29,51,1134.682195
32,51,1135.524014
32,51,1136.371915
29,51,1137.183116
29,51,1138.022922
32,51,1138.913523
29,51,1139.767178
32,51,1140.626929
32,51,1141.469213
29,51,1142.293544
32,51,1143.134098
29,51,1143.942892
29,51,1144.770986
32,51,1145.608634
32,51,1146.449877
32,51,1147.293385
29,51,1148.130978
32,51,1148.975536
32,51,1149.817579
32,51,1150.659
32,51,1151.501534
32,51,1152.338973
32,51,1153.18644
32,51,1154.029201
32,51,1154.868791
32,51,1155.709092
32,51,1156.552797
32,51,1157.394214
32,51,1158.241514
29,51,1159.070676
32,51,1159.91515
32,51,1160.754871
29,51,1161.585141
29,51,1162.409221
32,51,1163.250223
29,51,1164.077805
29,51,1164.914367
32,51,1165.758503
32,51,1166.600761
29,51,1167.411215
31,51,1168.24889
32,51,1169.088056
32,51,1169.960063
32,51,1170.798243
29,51,1171.623786
32,51,1172.462375
32,51,1173.301515
32,51,1174.151094
32,51,1174.990437
32,51,1175.830838
29,51,1176.655163
32,51,1177.492344
29,51,1178.323931
29,51,1179.157781
32,51,1179.998495
32,51,1180.850138
32,51,1181.692294
29,51,1182.524913
29,51,1183.352183
29,51,1184.178433
32,51,1185.020592
29,51,1185.846389
32,51,1186.692337
32,51,1187.534044
32,51,1188.376207
32,51,1189.219391
29,51,1190.047017
29,51,1190.883612
32,51,1191.723567
29,51,1192.548166
32,51,1193.384404
32,51,1194.222523
32,51,1195.065097
32,51,1195.902388
32,51,1196.744245
32,51,1197.582759
32,51,1198.422901
32,51,1199.283903
29,51,1200.111749
32,51,1200.952014
32,51,1201.788408
32,51,1202.632716
32,51,1203.473242
29,51,1204.298681
32,51,1205.136409
32,51,1205.974072
32,51,1206.81366
29,51,1207.651894
32,51,1208.534046
29,51,1209.36288
32,51,1210.199861
29,51,1211.026062
29,51,1211.855379
32,51,1212.695749
32,51,1213.537867
32,51,1214.37783
32,51,1215.219979
32,51,1216.068925
32,51,1216.910382
32,51,1217.750283
32,51,1218.600836
32,51,1219.442719
26,51,1220.245549
29,51,1221.072557
32,51,1221.919358
29,51,1222.743353
29,51,1223.558761
32,51,1224.410411
32,51,1225.251389
32,51,1226.09764
32,51,1226.944978
29,51,1227.772028
29,51,1228.61206
32,51,1229.461051
32,51,1230.303456
32,51,1231.142865
32,51,1231.986741
32,51,1232.840073
32,51,1233.691866
32,51,1234.535786
32,51,1235.378459
29,51,1236.204762
32,51,1237.048092
32,51,1237.886854
23,51,1238.721904
32,51,1239.561504
29,51,1240.406243
29,51,1241.239452
29,51,1242.070849
29,51,1242.895958
32,51,1243.744973
32,51,1244.585205
32,51,1245.450424
32,51,1246.289585
-2,11,1246.435231
29,51,1247.261152
29,51,1248.089502
29,51,1248.938609
29,51,1249.76561
29,51,1250.588441
29,51,1251.368292
32,51,1252.208454
32,51,1253.052832
29,51,1253.880107
32,51,1254.721974
32,51,1255.558215
29,51,1256.385016
27,51,1257.215192
29,51,1258.041756
32,51,1258.891066
32,51,1259.731038
32,51,1260.570171
32,51,1261.415784
29,51,1262.242178
32,51,1263.083832
29,51,1263.891614
32,51,1264.74093
32,51,1265.577934
29,51,1266.401702
32,51,1267.239705
29,51,1268.065006
32,51,1268.907213
29,51,1269.732714
32,51,1270.571671
32,51,1271.409588
29,51,1272.217514
29,51,1273.037954
29,51,1273.874504
26,51,1274.665699
32,51,1275.517496
29,51,1276.343383
29,51,1277.152657
29,51,1277.9836
32,51,1278.828791
29,51,1279.651791
32,51,1280.492629
32,51,1281.335801
29,51,1282.165546
29,51,1282.988772
32,51,1283.829986
32,51,1284.671993
32,51,1285.482363
32,51,1286.327685
32,51,1287.166329
32,51,1288.005965
29,51,1288.832037
32,51,1289.691028
32,51,1290.535483
32,51,1291.376987
29,51,1292.184241
29,51,1293.00779
32,51,1293.845561
32,51,1294.6882
32,51,1295.53186
32,51,1296.372011
32,51,1297.215283
29,51,1298.023255
32,51,1298.871048
32,51,1299.710515
32,51,1300.565729
29,51,1301.390632
32,51,1302.23525
32,51,1303.077148
29,51,1303.901774
29,51,1304.727754
29,51,1305.581842
32,51,1306.421015
29,51,1307.231913
32,51,1308.072283
32,51,1308.923444
29,51,1309.747106
32,51,1310.59313
29,51,1311.429789
32,51,1312.322058
32,51,1313.252635
29,51,1314.087872
32,51,1314.929429
29,51,1315.742115
32,51,1316.583823
32,51,1317.425517
29,51,1318.243229
30,51,1319.072276
32,51,1319.928844
32,51,1320.769023
29,51,1321.607044
29,51,1322.440132
32,51,1323.281877
29,51,1324.110042
29,51,1324.93981
32,51,1325.780191
29,51,1326.601339
32,51,1327.44306
29,51,1328.288481
32,51,1329.13133
32,51,1329.972249
32,51,1330.818026
29,51,1331.643794
29,51,1332.472676
29,51,1333.297359
30,51,1334.14567
32,51,1334.985156
32,51,1335.825145
29,51,1336.653192
29,51,1337.477803
29,51,1338.291911
32,51,1339.136123
32,51,1339.977973
29,51,1340.810187
29,51,1341.635101
29,51,1342.463008
32,51,1343.298258
26,51,1344.078368
29,51,1344.909077
31,51,1345.744775
32,51,1346.590174
29,51,1347.414667
32,51,1348.240732
29,51,1349.083767
29,51,1349.921146
32,51,1350.759737
26,51,1351.55486
29,51,1352.364799
29,51,1353.194572
29,51,1354.02093
29,51,1354.831466
29,51,1355.656478
32,51,1356.502435
32,51,1357.346565
32,51,1358.185396
32,51,1359.025925
27,51,1359.870487
32,51,1360.711939
32,51,1361.555896
29,51,1362.36631
26,51,1363.181512
32,51,1364.043469
29,51,1364.900495
32,51,1365.782261
26,51,1366.599052
32,51,1367.452496
29,51,1368.258598
30,51,1369.097117
29,51,1369.930557
29,51,1370.757186
32,51,1371.606125
32,51,1372.445067
32,51,1373.283689
32,51,1374.159222
32,51,1374.995638
29,51,1375.803459
32,51,1376.645218
27,51,1377.470934
32,51,1378.312791
32,51,1379.158052
32,51,1380.022013
32,51,1380.867305
29,51,1381.688808
32,51,1382.53307
29,51,1383.356875
29,51,1384.177635
32,51,1385.007191
32,51,1385.84532
26,51,1386.641452
32,51,1387.488709
32,51,1388.332339
29,51,1389.162298
32,51,1390.01415
29,51,1390.843055
29,51,1391.650943
29,51,1392.457671
29,51,1393.259606
32,51,1394.104862
29,51,1394.97147
29,51,1395.824646
32,51,1396.666074
32,51,1397.505183
32,51,1398.343293
29,51,1399.170785
29,51,1399.980671
32,51,1400.820173
29,51,1401.650053
29,51,1402.459138
32,51,1403.294344
32,51,1404.137161
32,51,1404.977357
32,51,1405.810394
32,51,1406.648812
29,51,1407.475738
32,51,1408.3095
30,51,1409.144287
32,51,1409.98345
32,51,1410.836075
29,51,1411.6639
29,51,1412.491567
32,51,1413.330101
32,51,1414.168483
29,51,1414.994024
30,51,1415.837331
32,51,1416.677053
29,51,1417.505138
29,51,1418.334708
29,51,1419.161464
29,51,1420.014369
32,51,1420.858697
32,51,1421.698927
29,51,1422.523049
29,51,1423.330626
32,51,1424.171781
29,51,1425.009143
32,51,1425.861772
32,51,1426.701806
32,51,1427.54612
29,51,1428.381778
32,51,1429.223015
31,51,1430.046585
-31,51,1430.238075
-31,51,1430.434886
-33,51,1430.627032
-35,51,1430.802171
-30,39,1431.00448
-3,8,1431.114109
-5,12,1431.244349
-4,15,1431.40383
-7,8,1431.479405
-7,12,1431.620614
-17,32,1431.866402
-6,5,1431.931143
-5,10,1432.057348
-20,25,1432.229682
-4,7,1432.31819
-5,14,1432.486984
-5,12,1432.622173
-11,42,1433.070348
-6,11,1433.176707
-9,20,1433.396218
-9,10,1433.487583
-6,5,1433.549823
-12,19,1433.695368
-22,36,1434.042736
-4,25,1434.31103
-7,17,1434.46023
-7,10,1434.581117
-12,11,1434.673842
-6,15,1434.856571
-12,28,1435.153964
-10,24,1435.380025
-7,19,1435.604474
-9,6,1435.660382
-8,11,1435.769047
-5,10,1435.890096
-11,6,1435.948034
-12,16,1436.083055
-6,7,1436.168238
-12,7,1436.240202
-8,9,1436.326501
-8,5,1436.38427
-8,7,1436.464892
-12,9,1436.554449
-11,12,1436.654727
-20,21,1436.834511
-12,23,1437.045133
-13,16,1437.223235
-2,28,1437.546923
-13,18,1437.683955
-11,10,1437.769341
-15,16,1437.881388
-12,15,1438.013551
-4,13,1438.178873
-16,22,1438.402939
-10,14,1438.566894
-8,9,1438.661015
-17,31,1438.93871
-10,5,1439.000251
-11,10,1439.084305
-8,9,1439.187906
-16,34,1439.480943
-10,9,1439.561839
-10,7,1439.625473
-10,13,1439.751249
-13,8,1439.816845
-9,18,1439.995659
-6,7,1440.081317
-9,8,1440.175219
2,30,1440.581816
-9,14,1440.717517
-8,9,1440.820493
-7,7,1440.903767
-10,13,1441.062751
-6,16,1441.21342
-3,23,1441.483175
-9,24,1441.788295
-7,8,1441.893925
-6,5,1441.958534
4,37,1442.512123
-4,13,1442.685702
-10,13,1442.826318
17,51,1443.585862
-4,15,1443.766163
-9,13,1443.920401
-5,6,1444.000038
-12,25,1444.225867
-7,25,1444.537483
-9,8,1444.619391
16,51,1445.449986
0,13,1445.632827
-1,21,1445.933039
25,51,1446.827238
-5,8,1446.942582
-30,51,1447.193563
-3,11,1447.332338
-7,12,1447.462544
10,51,1448.269447
-2,21,1448.538476
22,51,1449.301671
27,51,1450.408002
28,51,1451.137745
27,51,1451.973616
24,51,1452.807312
29,51,1453.565486
28,51,1454.183682
27,51,1454.946141
22,51,1455.767124
29,51,1456.508863
29,51,1457.349557
28,51,1458.243876
30,51,1459.111698
30,51,1459.987886
28,51,1460.849807
28,51,1461.702488
28,51,1462.452402
28,51,1463.304645
28,51,1464.060294
30,51,1464.813593
28,51,1465.568059
27,51,1466.303428
28,51,1467.040907
28,51,1467.793441
28,51,1468.5444
30,51,1469.409923
28,51,1470.025734
28,51,1470.641989
28,51,1471.404886
28,51,1472.070226
29,51,1472.69415
28,51,1473.425243
28,51,1474.286509
28,51,1475.162641
28,51,1475.924791
28,51,1476.670586
28,51,1477.446912
30,51,1478.221819
30,51,1478.998882
27,51,1479.757573
29,51,1480.616684
28,51,1481.437073
29,51,1482.138519
27,51,1482.879106
29,51,1483.722091
29,51,1484.372651
26,51,1485.196916
27,51,1485.932407
29,51,1486.800889
30,51,1487.652726
25,51,1488.494566
28,51,1489.31176
26,51,1490.130733
28,51,1490.954542
28,51,1491.775665
24,51,1492.559349
30,51,1493.332638
28,51,1494.156541
31,51,1494.981952
29,51,1495.82172
31,51,1496.676431
28,51,1497.506902
31,51,1498.357705
30,51,1499.190504
30,51,1499.992398
27,51,1500.795883
28,51,1501.63157
27,51,1502.445853
30,51,1503.282591
29,51,1504.088995
24,51,1504.890824
26,51,1505.678471
29,51,1506.486911
27,51,1507.299578
30,51,1508.153654
27,51,1508.866059
26,51,1509.628075
24,51,1510.420005
25,51,1511.237767
27,51,1512.054918
27,51,1512.873086
30,51,1513.697572
30,51,1514.540003
27,51,1515.358527
27,51,1516.153858
29,51,1516.981623
30,51,1517.826691
30,51,1518.68955
32,51,1519.54337
27,51,1520.35228
29,51,1521.164472
30,51,1521.991535
30,51,1522.843852
30,51,1523.681498
26,51,1524.459735
29,51,1525.283837
23,51,1526.0487
29,51,1526.876311
30,51,1527.724146
30,51,1528.558058
30,51,1529.423191
30,51,1530.256187
30,51,1531.084324
30,51,1531.932122
30,51,1532.778088
32,51,1533.622513
30,51,1534.464811
30,51,1535.310364
27,51,1536.127546
29,51,1536.9447
32,51,1537.785144
30,51,1538.633006
32,51,1539.480986
27,51,1540.303956
30,51,1541.148822
29,51,1541.958372
29,51,1542.7686
26,51,1543.545746
26,51,1544.331072
30,51,1545.166239
28,51,1546.007675
30,51,1546.859642
31,51,1547.677777
29,51,1548.482578
30,51,1549.321154
30,51,1550.17802
27,51,1550.989932
30,51,1551.826712
29,51,1552.645547
29,51,1553.461554
30,51,1554.299719
30,51,1555.145051
30,51,1555.964365
27,51,1556.78233
26,51,1557.571956
27,51,1558.398968
29,51,1559.219831
27,51,1560.034899
23,51,1560.797512
26,51,1561.601217
29,51,1562.412211
29,51,1563.222126
23,51,1563.971383
32,51,1564.80019
29,51,1565.600789
29,51,1566.411867
29,51,1567.237909
29,51,1568.040827
29,51,1568.785002
29,51,1569.569364
18,51,1570.261899
29,51,1571.071637
29,51,1571.885861
29,51,1572.6845
32,51,1573.456456
32,51,1574.232529
30,51,1574.996756
30,51,1575.790512
32,51,1576.628671
29,51,1577.360873
26,51,1578.153803
29,51,1578.891616
30,51,1579.720589
30,51,1580.566494
30,51,1581.28458
30,51,1582.00074
30,51,1582.73238
29,51,1583.557273
26,51,1584.338719
32,51,1585.175822
29,51,1585.994034
32,51,1586.819674
26,51,1587.594126
32,51,1588.428032
26,51,1589.223083
32,51,1590.06549
32,51,1590.907376
29,51,1591.722451
29,51,1592.552169
29,51,1593.359329
32,51,1594.196575
32,51,1595.034528
29,51,1595.859501
32,51,1596.70052
29,51,1597.505205
32,51,1598.354589
32,51,1599.19991
32,51,1600.050309
32,51,1600.901451
32,51,1601.737996
29,51,1602.561161
29,51,1603.385821
29,51,1604.210536
32,51,1605.050231
29,51,1605.873361
32,51,1606.720271
32,51,1607.557516
32,51,1608.413647
32,51,1609.257466
26,51,1610.072905
30,51,1610.923464
32,51,1611.757265
32,51,1612.596383
29,51,1613.421632
31,51,1614.252372
29,51,1615.059024
30,51,1615.888256
26,51,1616.672058
30,51,1617.520166
32,51,1618.358743
29,51,1619.194827
29,51,1620.022759
32,51,1620.865698
27,51,1621.693477
32,51,1622.53169
29,51,1623.370504
32,51,1624.212042
