#{"t_start": 1589058354.668272, "env_id": null}
r,l,t
9,20,3.037692
9,20,3.34182
9,20,3.640056
9,20,3.941912
8,21,4.246257
8,21,4.543808
9,20,4.841047
9,20,5.142914
1,12,5.303878
9,20,5.603604
9,20,5.904578
9,20,6.201683
-7,4,6.254502
8,21,6.552381
8,21,6.852264
8,21,7.168607
7,20,7.457465
9,20,7.776918
8,21,8.098832
9,20,8.40007
9,20,8.71763
9,20,9.015286
9,20,9.312991
-1,10,9.440304
9,20,9.73908
9,20,10.038187
8,21,10.386842
8,21,10.686218
8,21,10.989356
9,20,11.290508
9,20,11.59453
9,20,11.894129
9,20,12.19141
9,20,12.489487
9,20,12.787546
9,20,13.083521
9,20,13.379707
9,20,13.678443
9,20,13.974182
9,20,14.269796
8,21,14.571557
7,22,14.869593
9,20,15.165718
8,21,15.464712
9,20,15.762437
9,20,16.058883
8,21,16.367059
9,20,16.660284
8,21,16.961878
9,20,17.257474
8,21,17.568046
9,20,17.864372
8,21,18.160509
9,20,18.456909
9,20,18.752351
9,20,19.049561
9,20,19.34703
9,20,19.642834
-2,9,19.772622
9,20,20.069485
9,20,20.366003
9,20,20.662152
7,22,20.96478
7,22,21.267017
8,21,21.564121
7,22,21.861648
9,20,22.160591
9,20,22.457118
-2,9,22.571329
9,20,22.866949
8,21,23.182676
9,20,23.478524
9,20,23.776509
8,21,24.072789
8,21,24.373804
9,20,24.669441
9,20,24.969945
7,22,25.268301
-9,2,25.29863
9,20,25.596048
9,20,25.892282
8,21,26.194332
9,20,26.490926
9,20,26.786764
9,20,27.082593
9,20,27.379333
7,22,27.676676
8,21,27.976035
9,20,28.271251
8,21,28.566856
9,20,28.864495
9,20,29.161457
9,20,29.464132
9,20,29.775185
8,21,30.090455
9,20,30.389384
8,21,30.685089
9,20,30.982653
9,20,31.280224
7,22,31.577212
8,21,31.874265
-4,7,31.964187
8,21,32.265338
9,20,32.56968
9,20,32.869602
9,20,33.166982
8,21,33.468659
9,20,33.765817
9,20,34.065013
9,20,34.361983
8,21,34.66231
9,20,34.958243
8,21,35.259659
9,20,35.559536
9,20,35.855964
6,19,36.108751
9,20,36.404763
9,20,36.699377
8,21,37.00103
6,21,37.298179
7,22,37.59785
9,20,37.892169
6,21,38.208076
8,21,38.510166
9,20,38.805774
9,20,39.10533
9,20,39.406748
6,21,39.683328
9,20,39.980101
8,21,40.28736
9,20,40.584962
8,21,40.882078
9,20,41.177103
9,20,41.477568
9,20,41.775859
-1,12,41.917086
9,20,42.213639
9,20,42.508925
8,21,42.806507
9,20,43.103682
8,21,43.402814
-9,2,43.432215
8,21,43.735549
9,20,44.03165
9,20,44.330727
9,20,44.62705
9,20,44.922488
8,21,45.219476
7,22,45.520002
9,20,45.815731
9,20,46.111332
8,21,46.411571
9,20,46.715505
1,14,46.900998
8,21,47.198456
9,20,47.493807
9,20,47.789412
-3,8,47.89402
9,20,48.189575
9,20,48.485828
9,20,48.784346
9,20,49.078795
9,20,49.375203
9,20,49.673474
7,22,49.970093
9,20,50.265215
9,20,50.561488
8,19,50.834253
9,20,51.129249
9,20,51.42631
9,20,51.722707
9,20,52.018016
9,20,52.31393
9,20,52.611531
8,21,52.907213
9,20,53.203309
9,20,53.499196
8,21,53.802264
9,20,54.1017
9,20,54.400951
9,20,54.69765
9,20,54.993345
8,21,55.291624
9,20,55.588624
9,20,55.885894
9,20,56.183191
7,22,56.481847
9,20,56.777156
9,20,57.074091
9,20,57.37126
9,20,57.666077
9,20,57.962773
9,20,58.260374
8,21,58.556485
7,22,58.856974
8,21,59.154366
9,20,59.450081
9,20,59.745557
9,20,60.042083
9,20,60.336726
9,20,60.631714
6,21,60.915663
8,21,61.217427
9,20,61.53515
-3,10,61.660688
7,22,61.961807
9,20,62.257346
8,21,62.56889
9,20,62.865257
9,20,63.163826
9,20,63.466402
9,20,63.767629
8,21,64.0686
7,20,64.365486
8,21,64.66259
8,21,64.96645
9,20,65.263598
9,20,65.56288
9,20,65.85921
9,20,66.154866
9,20,66.451509
1,12,66.603037
9,20,66.900529
9,20,67.20131
9,20,67.501506
9,20,67.830651
9,20,68.129154
9,20,68.427387
9,20,68.726986
9,20,69.025459
9,20,69.322971
9,20,69.618839
-1,10,69.752075
9,20,70.047577
8,21,70.344148
9,20,70.641043
8,21,70.941089
9,20,71.2629
9,20,71.564487
9,20,71.866359
4,23,72.173985
8,21,72.476673
8,21,72.772923
9,20,73.070606
9,20,73.365729
9,20,73.661565
7,22,73.963907
9,20,74.259405
9,20,74.556408
9,20,74.853103
8,21,75.15001
9,20,75.446755
9,20,75.744192
8,21,76.057886
9,20,76.359697
8,21,76.659002
9,20,76.958876
9,20,77.255558
9,20,77.553012
8,21,77.856741
9,20,78.15385
9,20,78.45097
8,21,78.748405
8,21,79.056119
8,21,79.353323
8,21,79.649818
8,21,79.95327
9,20,80.249438
-3,8,80.349955
9,20,80.647427
8,21,80.948825
9,20,81.248078
9,20,81.545954
8,19,81.826317
9,20,82.124892
8,21,82.422
9,20,82.719813
9,20,83.016222
9,20,83.327936
9,20,83.627805
9,20,83.925444
9,20,84.221125
8,21,84.521577
8,21,84.841937
9,20,85.138306
7,20,85.435382
9,20,85.734018
7,22,86.032615
9,20,86.333608
9,20,86.631491
9,20,86.926815
8,21,87.22567
9,20,87.521298
3,14,87.707053
8,21,88.002868
9,20,88.297996
9,20,88.598127
8,21,88.89989
8,21,89.201398
6,17,89.440932
8,19,89.751384
7,20,90.031036
9,20,90.331127
9,20,90.632506
9,20,90.930504
8,21,91.229727
9,20,91.526836
5,22,91.847929
9,20,92.144267
9,20,92.443942
6,17,92.680166
6,17,92.930292
5,20,93.217414
8,19,93.505364
9,20,93.81322
7,20,94.128399
7,20,94.431364
9,20,94.772196
8,21,95.115088
9,20,95.444519
9,20,95.767333
8,21,96.092018
8,21,96.400509
9,20,96.695976
9,20,96.998801
9,20,97.30199
8,21,97.599797
7,22,97.897253
9,20,98.194496
9,20,98.491406
9,20,98.786619
9,20,99.081539
8,21,99.381534
7,20,99.675949
9,20,99.970559
8,19,100.239919
-2,9,100.353651
9,20,100.649622
9,20,100.943473
-3,8,101.042827
9,20,101.354563
8,21,101.650403
7,18,101.90533
6,21,102.184761
8,21,102.482287
8,19,102.758524
9,20,103.053903
9,20,103.350758
9,20,103.644392
9,20,103.938674
9,20,104.235216
7,22,104.532011
7,20,104.828224
9,20,105.123466
8,21,105.424067
9,20,105.723985
9,20,106.018382
7,22,106.323463
8,21,106.619238
9,20,106.916158
9,20,107.209347
8,21,107.5081
8,21,107.803896
7,22,108.104234
9,20,108.399456
9,20,108.694601
8,21,108.997811
9,20,109.292206
9,20,109.59052
9,20,109.887278
9,20,110.182107
7,20,110.458124
8,21,110.754099
9,20,111.048939
9,20,111.346363
7,18,111.60687
8,21,111.904035
9,20,112.19806
9,20,112.494317
9,20,112.794384
9,20,113.089503
9,20,113.385606
7,22,113.682083
9,20,113.977986
9,20,114.271917
9,20,114.56581
9,20,114.860407
8,21,115.160002
8,21,115.456927
9,20,115.754112
9,20,116.050571
7,20,116.330322
9,20,116.625616
9,20,116.920446
9,20,117.216299
8,21,117.518501
9,20,117.817067
6,19,118.093723
8,19,118.373928
8,21,118.672172
9,20,118.968503
8,19,119.247492
9,20,119.541475
9,20,119.837455
7,20,120.122948
9,20,120.4192
9,20,120.713794
8,21,121.009918
9,20,121.31141
9,20,121.615271
9,20,121.912648
8,19,122.191244
8,21,122.493396
9,20,122.787933
7,22,123.083304
8,21,123.38079
9,20,123.680284
6,19,123.945527
7,22,124.247932
8,19,124.523292
9,20,124.819155
9,20,125.115558
9,20,125.412193
9,20,125.710081
9,20,126.007517
8,19,126.280105
9,20,126.57603
8,21,126.872515
7,22,127.186961
8,21,127.484931
9,20,127.777805
9,20,128.073542
9,20,128.368937
9,20,128.663753
9,20,128.960004
9,20,129.254002
9,20,129.548676
8,19,129.827792
9,20,130.121137
6,21,130.40271
9,20,130.699052
8,21,130.995529
-1,10,131.121788
8,21,131.420845
8,21,131.72068
9,20,132.017366
5,16,132.237229
9,20,132.536459
8,21,132.830924
8,21,133.131895
8,21,133.437415
9,20,133.732893
7,22,134.03441
9,20,134.330983
9,20,134.643531
9,20,134.940797
9,20,135.23986
9,20,135.536651
9,20,135.833123
9,20,136.130168
8,21,136.429141
9,20,136.723107
9,20,137.020487
9,20,137.315195
9,20,137.611826
8,21,137.909218
9,20,138.205821
9,20,138.501492
7,20,138.77581
4,15,138.975952
8,19,139.256198
9,20,139.552802
9,20,139.84928
6,17,140.086596
9,20,140.381935
8,21,140.6826
9,20,140.976061
9,20,141.272358
9,20,141.567277
9,20,141.875769
9,20,142.176154
9,20,142.476362
7,22,142.779667
9,20,143.082608
9,20,143.382208
9,20,143.676297
9,20,143.971507
9,20,144.266371
5,18,144.506762
9,20,144.802734
8,21,145.098446
8,21,145.393322
8,21,145.689036
9,20,145.984148
8,19,146.261132
9,20,146.558885
6,23,146.867847
5,22,147.169037
9,20,147.466784
9,20,147.762383
8,21,148.058639
8,21,148.356749
7,20,148.651263
9,20,148.945932
9,20,149.247451
9,20,149.556572
8,21,149.86913
8,21,150.166941
9,20,150.461432
3,18,150.713754
8,19,150.9914
7,22,151.294207
9,20,151.593224
9,20,151.888827
8,19,152.16034
9,20,152.464988
9,20,152.763534
8,21,153.065997
9,20,153.36286
9,20,153.658281
9,20,153.954584
8,21,154.251089
9,20,154.547904
9,20,154.851102
9,20,155.148102
9,20,155.441561
9,20,155.738953
9,20,156.035003
9,20,156.334924
9,20,156.630332
9,20,156.926286
-2,9,157.039985
9,20,157.335293
3,16,157.555482
7,18,157.806107
6,21,158.093495
4,19,158.355853
7,20,158.639051
5,18,158.901269
5,18,159.165206
7,20,159.444703
5,18,159.704184
5,18,159.969955
5,18,160.228064
5,18,160.476844
6,17,160.722855
5,18,160.971023
5,18,161.236073
-1,10,161.367244
-6,23,161.585017
3,18,161.840424
-2,9,161.954522
-1,12,162.114066
5,18,162.377652
6,17,162.622274
5,18,162.871325
6,17,163.115073
-6,5,163.179607
2,13,163.354851
4,15,163.570269
4,17,163.79262
-3,8,163.888332
5,18,164.148083
3,18,164.39496
5,18,164.640586
5,18,164.889944
4,15,165.10155
4,17,165.327078
2,13,165.501581
2,15,165.697479
4,15,165.910813
4,15,166.124019
4,15,166.338114
3,16,166.565911
4,15,166.779071
5,16,166.999756
5,16,167.225174
4,15,167.439028
4,17,167.660221
5,16,167.884034
6,17,168.120698
5,16,168.342158
5,16,168.56508
5,16,168.78733
5,16,169.008561
6,17,169.258317
6,17,169.507192
6,17,169.756771
6,17,170.000395
6,17,170.244902
1,16,170.484527
6,17,170.729409
3,16,170.928444
5,16,171.151759
6,17,171.402632
6,17,171.645973
6,17,171.89504
6,17,172.140427
3,16,172.345288
6,17,172.593262
5,20,172.857339
7,18,173.117756
6,17,173.378929
5,18,173.631642
4,19,173.908157
6,17,174.164055
6,17,174.414366
6,17,174.675176
6,17,175.001649
6,17,175.281427
-3,8,175.402157
6,17,175.654672
6,17,175.900055
5,18,176.182619
5,18,176.435633
6,17,176.681866
6,17,176.929474
-2,9,177.048873
6,19,177.327169
7,18,177.597195
5,18,177.84009
5,20,178.105824
5,18,178.353121
7,18,178.610702
6,19,178.874853
7,20,179.154528
-2,9,179.268794
8,19,179.551014
6,19,179.813894
8,19,180.090531
8,19,180.370511
8,19,180.651244
8,19,180.930793
7,20,181.212125
8,19,181.493579
6,21,181.782544
8,19,182.064085
8,19,182.341395
8,19,182.630399
8,19,182.911221
8,19,183.190009
8,19,183.472286
6,19,183.7477
8,19,184.028148
8,19,184.30833
8,19,184.591112
7,20,184.877206
7,20,185.159779
6,21,185.443667
7,18,185.706407
8,19,185.983527
9,20,186.276434
8,19,186.557727
7,20,186.858338
8,19,187.140509
7,20,187.435252
7,20,187.715949
8,19,187.997763
8,19,188.276694
8,19,188.553566
7,20,188.83553
8,19,189.115359
8,19,189.397304
8,21,189.69269
8,19,189.974479
8,19,190.253438
8,19,190.532587
7,20,190.814969
7,20,191.09743
8,19,191.366497
5,20,191.652753
8,19,191.93784
8,19,192.22168
-6,7,192.308763
-7,4,192.364263
6,21,192.653735
-3,8,192.759767
8,19,193.04092
5,16,193.262033
7,20,193.545831
-4,7,193.631743
7,20,193.911673
8,19,194.193051
7,20,194.474005
8,19,194.754834
8,19,195.035321
8,19,195.315237
8,19,195.59214
6,17,195.831701
8,19,196.112141
8,19,196.390853
8,19,196.670993
7,20,196.960372
8,19,197.24108
7,20,197.52141
8,19,197.802075
8,19,198.08222
8,19,198.360411
8,19,198.640386
7,18,198.897212
7,18,199.156575
8,19,199.442722
8,19,199.7257
7,20,200.008478
7,18,200.270465
8,19,200.547453
7,20,200.828065
8,19,201.108121
8,19,201.396397
7,20,201.683772
8,19,201.96723
8,19,202.246026
8,19,202.522976
8,19,202.804257
8,19,203.084836
8,19,203.36414
8,19,203.644341
8,19,203.920656
8,19,204.200117
7,18,204.465789
8,19,204.746195
7,20,205.038923
7,20,205.319995
8,19,205.597257
8,19,205.877797
8,19,206.159391
8,19,206.442022
8,19,206.728043
7,20,207.008994
8,19,207.284844
8,19,207.566727
7,18,207.830457
7,20,208.110256
6,19,208.373392
2,19,208.611658
4,21,208.881099
6,19,209.140603
6,19,209.418159
7,18,209.686245
7,18,209.944293
7,18,210.208366
7,18,210.47104
7,18,210.729275
7,18,210.994129
7,18,211.254874
7,18,211.517999
7,18,211.782182
7,18,212.041638
6,19,212.3061
7,18,212.576734
6,17,212.817281
7,18,213.079016
7,18,213.336461
7,18,213.598342
7,18,213.859531
6,19,214.122579
6,19,214.38532
7,18,214.648164
7,18,214.90676
6,19,215.171252
5,20,215.449997
4,21,215.714896
5,20,215.982877
5,18,216.229714
5,20,216.511063
7,18,216.774639
7,18,217.037018
8,19,217.318922
7,18,217.578992
6,19,217.842299
7,18,218.104907
7,18,218.36245
8,19,218.641169
7,18,218.903382
8,19,219.181858
6,21,219.463047
8,19,219.742172
8,19,220.018179
5,22,220.312992
8,19,220.59366
8,19,220.872078
8,19,221.152385
7,20,221.463572
8,19,221.742762
8,19,222.023231
7,20,222.304768
8,19,222.584969
7,20,222.866296
0,11,222.999729
6,21,223.283216
8,19,223.563831
7,20,223.844187
5,22,224.125587
6,21,224.407588
7,20,224.690096
8,19,224.97007
8,19,225.250881
7,20,225.536458
8,19,225.818383
8,19,226.097978
8,19,226.37466
8,19,226.656172
7,20,226.937832
7,20,227.220582
8,19,227.501604
8,19,227.780724
7,20,228.063966
-2,9,228.17853
8,19,228.455538
8,19,228.733897
8,19,229.013412
8,19,229.294646
8,19,229.576228
8,19,229.852453
7,20,230.145956
8,19,230.431481
7,20,230.718572
7,20,231.002799
8,19,231.285891
8,19,231.567959
8,19,231.847291
0,11,231.982248
8,19,232.261448
8,19,232.539657
7,20,232.820642
7,20,233.099705
9,20,233.392506
7,20,233.671674
7,20,233.950967
8,19,234.2317
8,19,234.512353
8,19,234.79179
8,19,235.071483
7,20,235.356674
6,17,235.594854
-5,6,235.667892
2,13,235.838792
7,20,236.118915
8,19,236.401046
3,16,236.609363
-4,11,236.739923
8,19,237.01975
-4,7,237.104687
8,19,237.385063
6,23,237.685693
8,19,237.962045
7,20,238.243049
7,20,238.525539
8,19,238.805767
7,20,239.08594
7,20,239.369371
8,19,239.649018
7,20,239.930319
8,19,240.211354
9,20,240.504551
6,21,240.785373
8,19,241.064364
8,19,241.345703
7,20,241.624973
7,20,241.917398
7,20,242.197196
8,19,242.484398
8,19,242.764466
8,19,243.044646
-3,10,243.168214
7,20,243.449534
8,19,243.734856
8,19,244.015087
8,19,244.290829
7,20,244.572251
6,19,244.840302
8,19,245.119498
8,19,245.400846
8,19,245.679884
8,19,245.955448
8,19,246.235592
8,19,246.518554
1,12,246.676418
7,20,246.958723
8,19,247.239431
8,21,247.534388
9,20,247.82802
8,19,248.107668
6,21,248.38937
8,19,248.670529
6,17,248.911519
7,20,249.190883
8,19,249.467834
8,19,249.751855
8,19,250.031192
8,19,250.312943
8,19,250.593473
8,19,250.867143
8,19,251.147754
8,19,251.429756
8,19,251.717895
8,19,251.995777
6,21,252.297912
7,20,252.578694
8,19,252.857389
8,19,253.133079
7,20,253.414555
8,19,253.695015
8,21,253.991769
8,19,254.273161
8,19,254.555125
9,20,254.850391
7,20,255.130929
9,20,255.428102
9,20,255.728353
8,19,256.00182
6,19,256.27615
7,18,256.537466
6,21,256.819998
9,20,257.116647
9,20,257.410974
7,20,257.705047
9,20,258.000217
6,19,258.255333
8,19,258.537283
9,20,258.832119
-2,9,258.949198
9,20,259.24508
9,20,259.539501
8,21,259.834243
9,20,260.127719
9,20,260.421439
7,22,260.716788
9,20,261.011472
9,20,261.306618
9,20,261.604368
6,23,261.906155
8,21,262.199402
7,20,262.493065
8,21,262.788499
5,16,263.010733
8,19,263.278166
9,20,263.572442
7,22,263.873556
9,20,264.172642
9,20,264.468754
8,21,264.763382
9,20,265.059948
9,20,265.35488
7,22,265.65256
8,19,265.938787
9,20,266.234636
6,17,266.482248
7,20,266.768036
8,19,267.035506
8,21,267.336488
9,20,267.630354
9,20,267.931937
9,20,268.226218
5,16,268.439744
8,21,268.738006
8,21,269.037384
9,20,269.350283
7,18,269.606432
9,20,269.901075
5,22,270.183412
9,20,270.478062
-2,9,270.589405
8,21,270.885511
2,13,271.056669
8,21,271.372549
9,20,271.673417
7,22,271.974129
9,20,272.269944
9,20,272.573878
-5,8,272.676632
7,20,272.963288
8,21,273.258388
8,19,273.545903
9,20,273.840262
-1,14,273.994041
9,20,274.289091
8,21,274.584571
8,21,274.879768
8,21,275.173994
8,19,275.458472
6,23,275.760426
7,22,276.057008
-3,8,276.156281
8,21,276.452569
6,19,276.717461
8,21,277.014698
9,20,277.310302
9,20,277.604715
9,20,277.899373
9,20,278.194196
8,21,278.49349
9,20,278.790595
9,20,279.086364
8,21,279.380749
8,19,279.667155
9,20,279.973948
9,20,280.267383
9,20,280.56196
8,21,280.858216
8,21,281.1586
8,21,281.467043
2,13,281.632768
7,20,281.918616
0,11,282.057737
-1,14,282.234749
9,20,282.529702
7,22,282.829857
8,21,283.127086
8,21,283.421941
9,20,283.717344
9,20,284.011897
9,20,284.30495
9,20,284.600678
9,20,284.905103
9,20,285.199111
8,21,285.507509
1,12,285.666505
9,20,285.962522
8,21,286.259229
8,21,286.559997
8,21,286.854657
8,21,287.153624
8,21,287.449884
8,21,287.745096
8,21,288.040192
9,20,288.333334
9,20,288.628275
7,22,288.929787
1,12,289.082003
9,20,289.377041
9,20,289.674206
8,19,289.953641
8,21,290.257222
-1,10,290.383258
-5,6,290.453987
1,12,290.608576
8,21,290.904762
9,20,291.200138
9,20,291.495568
6,21,291.791227
2,13,291.961937
9,20,292.255654
8,21,292.555671
9,20,292.851429
7,22,293.154691
9,20,293.450575
9,20,293.745789
8,21,294.041533
8,21,294.341561
-7,4,294.389022
7,22,294.698655
8,21,294.996099
-2,11,295.123888
1,12,295.278101
8,21,295.574997
8,19,295.85393
-3,8,295.956575
9,20,296.251888
-7,4,296.303305
2,13,296.471896
8,21,296.770516
9,20,297.06489
8,21,297.359301
2,15,297.546041
-6,5,297.606894
7,22,297.910105
9,20,298.206341
8,21,298.505786
-4,7,298.587517
7,20,298.873071
-1,12,299.015353
7,22,299.314577
9,20,299.612653
9,20,299.907698
9,20,300.202082
9,20,300.498432
9,20,300.794824
7,22,301.101902
8,21,301.399133
8,21,301.7004
7,22,301.996684
9,20,302.291477
7,22,302.599433
9,20,302.892989
7,22,303.193537
9,20,303.489536
9,20,303.786041
8,21,304.082965
9,20,304.375923
9,20,304.673922
9,20,304.970136
8,21,305.265765
9,20,305.562048
9,20,305.857981
6,19,306.128784
7,22,306.424108
8,21,306.73605
7,20,307.030666
8,21,307.326607
7,22,307.623212
9,20,307.91798
9,20,308.212529
8,21,308.507308
8,21,308.807167
9,20,309.100948
8,21,309.396672
8,21,309.692292
-1,10,309.817957
9,20,310.112774
9,20,310.408577
2,13,310.580628
0,15,310.767219
9,20,311.06254
-4,9,311.168958
3,16,311.389693
4,17,311.622392
1,12,311.774389
3,14,311.957498
0,19,312.198978
8,21,312.496224
6,17,312.732008
9,20,313.02827
9,20,313.323394
9,20,313.617912
8,19,313.902145
9,20,314.196725
3,14,314.382353
8,19,314.668012
8,21,314.963193
4,15,315.166682
8,19,315.451829
9,20,315.747825
9,20,316.040943
7,20,316.330247
7,18,316.595074
9,20,316.889011
8,21,317.184624
9,20,317.478824
9,20,317.774029
9,20,318.069906
8,19,318.342065
7,18,318.591667
8,21,318.888522
6,21,319.181344
9,20,319.474569
9,20,319.770537
9,20,320.065356
8,21,320.360001
9,20,320.65473
9,20,320.948883
7,20,321.24842
9,20,321.544284
8,21,321.841997
9,20,322.137013
9,20,322.432162
8,21,322.729667
9,20,323.023247
6,21,323.320499
9,20,323.613395
9,20,323.907102
-2,9,324.020557
8,21,324.317219
8,21,324.616947
9,20,324.91149
8,21,325.220721
9,20,325.531252
9,20,325.833732
8,21,326.130852
6,21,326.449998
9,20,326.76492
8,21,327.075778
9,20,327.384835
8,21,327.786357
9,20,328.126919
8,21,328.437265
4,15,328.649369
8,21,328.986329
-8,3,329.032103
8,19,329.330719
8,21,329.6423
7,22,329.93886
9,20,330.245055
9,20,330.554991
9,20,330.855135
9,20,331.149979
9,20,331.446543
9,20,331.741299
9,20,332.036698
7,22,332.333874
9,20,332.632228
9,20,332.925798
9,20,333.219804
9,20,333.513759
8,21,333.81377
8,21,334.11125
2,13,334.283554
6,21,334.585317
9,20,334.879711
7,20,335.151593
9,20,335.446561
8,21,335.746536
9,20,336.052375
9,20,336.35259
9,20,336.645449
8,21,336.942526
7,20,337.216383
9,20,337.511538
8,21,337.81086
9,20,338.104324
8,21,338.40083
8,21,338.701198
9,20,338.997953
7,22,339.294323
9,20,339.589669
9,20,339.884745
8,21,340.183218
9,20,340.480128
4,15,340.687065
9,20,340.982232
9,20,341.280357
9,20,341.576855
8,21,341.873137
9,20,342.168219
8,21,342.468079
9,20,342.765659
5,24,343.076118
8,21,343.377752
8,21,343.674437
1,14,343.852972
8,21,344.148757
8,21,344.443394
9,20,344.739487
9,20,345.032603
9,20,345.330119
9,20,345.627638
-4,7,345.712376
9,20,346.007413
-8,3,346.049929
9,20,346.344059
8,21,346.640489
8,21,346.939702
7,20,347.235363
9,20,347.528997
3,16,347.743691
4,21,348.039025
9,20,348.336597
1,22,348.632862
9,20,348.928429
9,20,349.224251
9,20,349.520178
4,15,349.724397
6,21,350.020186
8,21,350.326532
9,20,350.621171
9,20,350.915438
9,20,351.209576
8,19,351.486746
9,20,351.783003
8,21,352.081972
6,21,352.378842
9,20,352.672953
8,21,352.969436
9,20,353.264498
-2,9,353.381202
9,20,353.68252
9,20,353.975689
9,20,354.270478
9,20,354.564162
8,21,354.861681
9,20,355.158824
9,20,355.453385
8,21,355.749585
9,20,356.043744
6,17,356.286234
-2,9,356.39036
9,20,356.685188
9,20,356.983871
9,20,357.277953
-2,9,357.3854
9,20,357.684215
9,20,357.978255
9,20,358.273201
9,20,358.569229
0,11,358.713083
8,21,359.013687
8,21,359.310375
8,21,359.605406
9,20,359.900225
8,21,360.195169
8,21,360.490296
9,20,360.786145
9,20,361.080366
9,20,361.376737
5,18,361.63171
8,21,361.93055
8,19,362.207669
7,22,362.512232
7,18,362.766944
8,21,363.062158
9,20,363.359088
9,20,363.65337
9,20,363.948621
8,21,364.263901
9,20,364.55874
8,21,364.873662
8,21,365.170449
9,20,365.464301
9,20,365.759814
8,21,366.055656
9,20,366.350152
8,21,366.645288
8,19,366.919913
8,21,367.213964
9,20,367.508035
9,20,367.804145
9,20,368.099009
8,21,368.394207
9,20,368.688696
5,20,368.961062
9,20,369.255334
9,20,369.548305
8,21,369.850198
6,17,370.088191
8,21,370.384085
8,21,370.680963
9,20,370.978173
9,20,371.290413
9,20,371.60305
7,22,371.91268
8,21,372.218959
9,20,372.513973
9,20,372.80768
9,20,373.099805
8,21,373.394478
9,20,373.689805
9,20,373.986584
9,20,374.281837
7,20,374.553653
8,21,374.856984
9,20,375.151499
9,20,375.446849
9,20,375.739879
7,20,376.017367
-3,8,376.114455
8,19,376.39473
9,20,376.690034
9,20,376.986426
9,20,377.281186
9,20,377.576798
3,14,377.768415
8,21,378.065098
9,20,378.359643
9,20,378.653654
8,21,378.948583
9,20,379.252159
7,20,379.524771
8,21,379.821966
-2,9,379.931369
7,22,380.226137
7,18,380.482745
9,20,380.778404
9,20,381.072851
9,20,381.368521
7,18,381.634631
-2,9,381.745253
9,20,382.040219
9,20,382.334719
7,22,382.636067
8,21,382.931061
9,20,383.223946
5,22,383.526504
9,20,383.822122
9,20,384.115937
9,20,384.413616
2,13,384.580725
8,19,384.860499
9,20,385.155413
7,20,385.435086
8,21,385.730625
8,21,386.028228
8,21,386.349965
8,21,386.65724
7,18,386.908664
9,20,387.20562
9,20,387.501668
9,20,387.795958
8,21,388.090984
9,20,388.385749
9,20,388.678487
6,21,388.996466
9,20,389.295192
8,21,389.592391
9,20,389.891866
9,20,390.192919
8,19,390.471526
5,22,390.779201
9,20,391.073367
9,20,391.370772
9,20,391.665568
9,20,391.961021
8,21,392.266893
9,20,392.56901
8,21,392.864362
7,22,393.165671
8,21,393.462423
8,21,393.762764
8,21,394.059023
9,20,394.353907
-6,5,394.414613
8,21,394.712906
9,20,395.007556
8,21,395.308122
8,21,395.606916
8,21,395.909487
6,21,396.206876
8,21,396.508176
9,20,396.801956
5,24,397.106211
8,21,397.405094
9,20,397.698506
9,20,397.99188
9,20,398.285922
9,20,398.580266
9,20,398.874307
9,20,399.169991
9,20,399.464646
9,20,399.758313
8,19,400.030674
9,20,400.324841
9,20,400.620742
9,20,400.920244
9,20,401.212818
1,12,401.374432
9,20,401.667076
9,20,401.964776
9,20,402.259727
5,22,402.53479
8,21,402.832677
9,20,403.126208
8,19,403.402015
9,20,403.696275
7,22,404.009849
8,21,404.305912
9,20,404.602445
2,15,404.792429
3,18,405.048719
9,20,405.344532
9,20,405.637462
9,20,405.932449
8,21,406.231927
8,21,406.528151
7,22,406.825851
9,20,407.122895
8,21,407.41863
6,23,407.71894
2,15,407.909125
7,22,408.221318
8,21,408.520494
9,20,408.813011
9,20,409.10702
9,20,409.401264
9,20,409.694388
9,20,409.988273
5,20,410.247202
8,21,410.543209
9,20,410.839101
8,21,411.144443
9,20,411.441573
9,20,411.735122
1,12,411.883852
5,22,412.203627
8,19,412.475328
8,21,412.770452
9,20,413.06397
9,20,413.358261
9,20,413.653346
7,20,413.925576
9,20,414.219587
7,22,414.52631
9,20,414.820779
8,21,415.121155
7,22,415.42438
9,20,415.723066
8,21,416.028463
8,21,416.325228
9,20,416.623678
7,20,416.918354
7,22,417.222396
7,20,417.517967
6,21,417.798993
7,22,418.095167
9,20,418.388532
9,20,418.683763
9,20,418.977753
9,20,419.272402
8,19,419.556527
9,20,419.853459
9,20,420.147571
9,20,420.443325
8,21,420.739041
8,21,421.035593
8,21,421.335645
9,20,421.629094
9,20,421.924532
0,11,422.05928
9,20,422.35774
9,20,422.65907
8,21,422.9555
8,21,423.251097
9,20,423.547432
8,21,423.84407
6,23,424.153729
9,20,424.448905
9,20,424.743147
5,16,424.957451
8,21,425.252287
8,21,425.552147
9,20,425.845488
9,20,426.139324
9,20,426.433022
9,20,426.727587
9,20,427.021376
9,20,427.317122
8,21,427.617262
9,20,427.911123
8,21,428.205529
9,20,428.501558
7,22,428.797405
0,11,428.941153
9,20,429.236898
9,20,429.535582
8,21,429.830485
9,20,430.124851
8,21,430.419076
9,20,430.7126
9,20,431.006996
9,20,431.304748
9,20,431.607465
9,20,431.905513
5,20,432.171606
9,20,432.466296
9,20,432.761298
8,21,433.058667
9,20,433.355548
4,15,433.562443
9,20,433.855885
9,20,434.151847
8,21,434.450121
9,20,434.744572
9,20,435.038898
9,20,435.333464
9,20,435.628118
9,20,435.920382
9,20,436.216583
9,20,436.512572
9,20,436.809951
9,20,437.111114
9,20,437.406692
8,21,437.703986
9,20,437.998682
4,15,438.196028
8,21,438.4926
8,21,438.789775
6,19,439.047809
7,20,439.345006
9,20,439.642469
8,19,439.922253
9,20,440.221563
8,21,440.518134
9,20,440.813675
9,20,441.10935
9,20,441.404658
8,21,441.709861
8,21,442.004808
6,23,442.306158
9,20,442.602261
9,20,442.896074
8,21,443.192709
9,20,443.487009
7,20,443.781482
9,20,444.083318
8,21,444.379133
9,20,444.673241
8,21,444.968167
9,20,445.26356
6,21,445.541142
9,20,445.83531
9,20,446.129906
7,18,446.379549
8,21,446.675185
8,21,446.973244
9,20,447.269653
8,19,447.535888
-1,10,447.662979
7,22,447.963362
3,18,448.205602
9,20,448.503572
9,20,448.813115
8,21,449.115142
8,21,449.42125
9,20,449.715698
9,20,450.01082
8,21,450.306958
9,20,450.603314
9,20,450.902027
9,20,451.201939
9,20,451.498568
7,20,451.790215
8,21,452.087473
7,20,452.363372
9,20,452.657805
8,21,452.954489
8,21,453.253338
8,19,453.519079
9,20,453.813269
9,20,454.107503
9,20,454.402402
9,20,454.697979
8,21,454.99717
9,20,455.292228
9,20,455.585348
7,22,455.889725
7,20,456.18311
8,21,456.476687
7,20,456.766012
9,20,457.060369
8,21,457.359313
9,20,457.655352
7,20,457.934977
2,13,458.107037
9,20,458.406134
9,20,458.702163
9,20,458.995765
9,20,459.293806
8,21,459.591554
9,20,459.887086
7,20,460.162584
9,20,460.456801
9,20,460.751197
9,20,461.046664
9,20,461.346879
3,22,461.6458
9,20,461.940768
9,20,462.236354
7,20,462.53227
9,20,462.826421
8,21,463.132807
9,20,463.429984
9,20,463.724055
-4,7,463.807014
8,19,464.085192
9,20,464.380369
8,21,464.67494
9,20,464.971776
8,21,465.293649
9,20,465.588587
9,20,465.887765
9,20,466.182871
9,20,466.481554
9,20,466.782446
9,20,467.082765
8,21,467.385167
8,21,467.682562
8,21,467.979166
9,20,468.274316
9,20,468.568845
8,21,468.86572
8,21,469.163005
-3,8,469.262689
9,20,469.556824
9,20,469.852987
9,20,470.148591
9,20,470.444563
9,20,470.740428
9,20,471.034004
8,21,471.330783
9,20,471.627509
9,20,471.922004
9,20,472.216986
9,20,472.511428
9,20,472.806669
9,20,473.107287
9,20,473.403908
8,19,473.679614
9,20,473.975185
9,20,474.271607
9,20,474.565056
9,20,474.860747
7,22,475.162272
9,20,475.458327
8,21,475.758292
8,21,476.054107
9,20,476.350459
9,20,476.643654
9,20,476.938928
8,21,477.2335
8,21,477.534135
9,20,477.830997
8,21,478.126048
9,20,478.421014
9,20,478.715012
9,20,479.011574
8,21,479.313639
8,21,479.608612
8,21,479.904651
9,20,480.198508
9,20,480.499566
8,21,480.797159
9,20,481.091406
9,20,481.387161
9,20,481.682773
9,20,481.976039
9,20,482.271815
9,20,482.575882
9,20,482.870597
9,20,483.165706
9,20,483.46349
9,20,483.75769
8,21,484.055703
9,20,484.352402
9,20,484.645661
9,20,484.942411
3,20,485.217737
9,20,485.519446
0,11,485.671028
9,20,485.977712
9,20,486.277114
8,21,486.575859
9,20,486.870323
9,20,487.166575
7,20,487.464296
9,20,487.764736
9,20,488.058438
9,20,488.354058
7,20,488.647702
8,21,488.944297
9,20,489.239315
8,21,489.535269
9,20,489.831203
9,20,490.126908
9,20,490.420767
9,20,490.714506
9,20,491.009051
9,20,491.305693
9,20,491.600797
8,21,491.91431
9,20,492.208534
9,20,492.504507
9,20,492.798357
8,21,493.098167
9,20,493.392969
6,19,493.666058
7,18,493.921676
8,21,494.218473
9,20,494.51295
9,20,494.807505
9,20,495.121015
8,21,495.426852
9,20,495.724897
9,20,496.025706
9,20,496.330109
7,18,496.587774
6,23,496.891101
8,21,497.187999
8,21,497.494674
9,20,497.790376
8,21,498.086928
9,20,498.383672
9,20,498.6807
9,20,498.976835
8,21,499.274105
9,20,499.570305
9,20,499.866246
9,20,500.164511
8,21,500.466455
8,21,500.768851
9,20,501.067934
8,21,501.365352
4,15,501.562857
9,20,501.858334
6,19,502.122764
9,20,502.424093
9,20,502.71837
8,21,503.016056
9,20,503.310981
8,21,503.608877
9,20,503.904554
7,22,504.20633
8,21,504.503123
-1,12,504.650661
9,20,504.947463
9,20,505.249132
8,21,505.54582
8,21,505.84698
8,21,506.143304
8,21,506.439873
7,22,506.736504
0,11,506.884578
9,20,507.179144
9,20,507.476323
8,21,507.773684
9,20,508.068401
9,20,508.36505
9,20,508.675755
9,20,508.976698
8,21,509.272518
8,21,509.575994
8,21,509.872361
8,21,510.173175
8,21,510.469895
8,21,510.765703
9,20,511.061961
-5,6,511.138879
8,21,511.44179
8,21,511.745553
9,20,512.041025
9,20,512.337048
9,20,512.642389
8,21,512.938095
8,21,513.236039
3,16,513.45818
9,20,513.755248
8,21,514.051433
9,20,514.348325
9,20,514.64377
9,20,514.939611
8,19,515.212484
9,20,515.509478
9,20,515.803159
9,20,516.099981
9,20,516.396803
9,20,516.695814
9,20,516.993202
7,20,517.289524
2,13,517.463394
9,20,517.759171
7,22,518.055827
9,20,518.3527
8,21,518.64939
9,20,518.945757
9,20,519.240287
8,21,519.543302
8,21,519.847921
9,20,520.143528
9,20,520.438912
9,20,520.736824
9,20,521.035356
9,20,521.339832
9,20,521.636693
9,20,521.930867
7,22,522.227335
8,19,522.506795
9,20,522.800248
7,22,523.09588
9,20,523.392347
8,21,523.693244
9,20,523.995379
9,20,524.293518
9,20,524.588853
7,20,524.884569
9,20,525.179761
8,21,525.475857
9,20,525.770457
9,20,526.064669
9,20,526.360664
8,21,526.65719
9,20,526.953038
9,20,527.247652
8,21,527.546568
7,20,527.841709
9,20,528.137061
9,20,528.432786
6,19,528.707431
9,20,529.002555
8,19,529.281522
8,19,529.552836
9,20,529.849315
9,20,530.143713
9,20,530.438196
8,21,530.73394
9,20,531.028221
9,20,531.328135
9,20,531.626209
9,20,531.924366
9,20,532.2179
9,20,532.513464
9,20,532.808543
9,20,533.101763
9,20,533.395225
9,20,533.691072
9,20,533.985319
9,20,534.280762
9,20,534.575696
9,20,534.867961
8,19,535.145945
8,21,535.441942
9,20,535.736542
9,20,536.032502
8,21,536.347205
8,21,536.643951
7,22,536.944131
-1,10,537.066699
8,21,537.363584
7,22,537.663114
8,21,537.958185
8,21,538.257865
9,20,538.55841
8,21,538.855293
7,22,539.151947
9,20,539.446753
8,21,539.74569
9,20,540.042135
9,20,540.336516
8,21,540.634775
9,20,540.931136
3,20,541.174054
9,20,541.471517
9,20,541.766795
9,20,542.062467
8,19,542.339919
8,21,542.665636
9,20,542.957811
9,20,543.256012
9,20,543.550328
6,17,543.788257
9,20,544.082851
9,20,544.379153
9,20,544.673533
9,20,544.969171
8,21,545.26437
9,20,545.561207
9,20,545.871389
8,21,546.176288
8,19,546.470056
8,21,546.768242
5,24,547.080268
9,20,547.389464
9,20,547.70122
7,18,547.959411
7,22,548.259212
9,20,548.567124
7,22,548.882249
9,20,549.187873
8,21,549.506007
9,20,549.811072
9,20,550.110087
9,20,550.410862
9,20,550.734259
9,20,551.029912
9,20,551.328958
9,20,551.624873
9,20,551.919912
9,20,552.214988
7,22,552.512567
-1,10,552.635306
9,20,552.929005
8,21,553.232363
9,20,553.526014
0,23,553.845855
9,20,554.14249
9,20,554.436252
9,20,554.731679
9,20,555.026676
8,21,555.323247
9,20,555.618699
9,20,555.9241
9,20,556.241767
9,20,556.539805
9,20,556.834032
8,21,557.130766
9,20,557.42759
9,20,557.725311
9,20,558.019341
6,17,558.256615
8,21,558.55357
9,20,558.872343
8,21,559.17382
8,21,559.470895
8,21,559.773794
9,20,560.067709
9,20,560.364077
8,21,560.667119
9,20,560.962131
9,20,561.260045
9,20,561.55473
9,20,561.849532
9,20,562.143151
7,22,562.440936
9,20,562.735835
9,20,563.030602
8,21,563.331965
9,20,563.626455
9,20,563.921164
9,20,564.215429
7,20,564.512253
9,20,564.805953
8,21,565.105648
6,21,565.401475
8,21,565.695936
9,20,565.991795
9,20,566.286297
9,20,566.582508
8,19,566.855854
9,20,567.149749
8,21,567.446128
8,21,567.750222
7,18,568.006832
8,21,568.317927
9,20,568.618002
9,20,568.917259
9,20,569.211977
9,20,569.509384
9,20,569.809307
6,21,570.117031
9,20,570.431315
9,20,570.731558
9,20,571.030159
9,20,571.328331
7,20,571.623057
8,21,571.920117
9,20,572.215318
9,20,572.515905
9,20,572.812143
9,20,573.106893
9,20,573.401147
8,21,573.6992
9,20,573.993387
9,20,574.286905
7,22,574.584797
9,20,574.880281
8,21,575.17994
8,21,575.47676
9,20,575.770428
7,22,576.073513
9,20,576.369039
9,20,576.66384
8,21,576.958169
9,20,577.253379
9,20,577.549634
9,20,577.847661
9,20,578.143673
6,17,578.379361
8,21,578.685388
9,20,578.982477
9,20,579.278349
9,20,579.572622
9,20,579.866781
9,20,580.165732
9,20,580.459938
9,20,580.75501
8,21,581.051705
9,20,581.34737
3,20,581.588329
9,20,581.88398
5,16,582.10216
9,20,582.404898
9,20,582.704788
9,20,583.000335
9,20,583.295278
9,20,583.590658
9,20,583.886795
8,21,584.181676
7,20,584.460455
9,20,584.755694
9,20,585.051496
9,20,585.348048
9,20,585.644818
9,20,585.940385
9,20,586.235538
9,20,586.532244
9,20,586.827334
9,20,587.121183
9,20,587.417092
9,20,587.713982
9,20,588.012048
9,20,588.309082
7,20,588.582792
9,20,588.877903
9,20,589.176734
9,20,589.472224
7,22,589.789344
8,21,590.099313
6,21,590.439478
8,21,590.753128
8,21,591.050291
9,20,591.348121
9,20,591.643523
9,20,591.940049
9,20,592.236161
9,20,592.532853
8,21,592.842675
9,20,593.135454
8,21,593.444672
9,20,593.740564
9,20,594.037001
9,20,594.332662
9,20,594.628305
9,20,594.926038
6,19,595.185029
2,13,595.350314
5,18,595.590049
9,20,595.885881
9,20,596.181861
9,20,596.477667
8,21,596.773713
9,20,597.072787
9,20,597.368936
7,22,597.666552
8,21,597.971523
9,20,598.263846
7,20,598.559212
9,20,598.853859
9,20,599.14726
9,20,599.441782
8,21,599.738556
8,21,600.035721
9,20,600.331555
3,14,600.515692
9,20,600.812003
8,21,601.107976
7,18,601.378278
9,20,601.679879
9,20,601.97925
9,20,602.274023
9,20,602.580281
8,19,602.856916
9,20,603.152859
9,20,603.449631
9,20,603.74471
9,20,604.044229
9,20,604.344656
9,20,604.641139
7,22,604.942074
9,20,605.235861
8,21,605.534635
7,20,605.829702
9,20,606.123744
9,20,606.419994
8,21,606.715921
9,20,607.012197
9,20,607.308435
9,20,607.60474
8,21,607.903678
9,20,608.197494
9,20,608.494133
9,20,608.788707
9,20,609.085576
8,21,609.386878
9,20,609.68043
9,20,609.975693
8,21,610.271608
8,21,610.567992
9,20,610.86312
9,20,611.159154
7,22,611.458639
8,21,611.76698
9,20,612.063113
9,20,612.358678
9,20,612.65417
7,20,612.933144
9,20,613.22712
9,20,613.52194
9,20,613.815361
8,19,614.091627
9,20,614.387642
9,20,614.681031
9,20,614.97609
9,20,615.269379
9,20,615.56495
8,21,615.866191
9,20,616.160342
9,20,616.456836
8,21,616.761717
9,20,617.05574
7,22,617.351539
9,20,617.648524
9,20,617.944312
9,20,618.240472
9,20,618.542795
8,21,618.839771
5,20,619.12429
9,20,619.418459
9,20,619.712408
9,20,620.007624
6,19,620.281531
9,20,620.578463
9,20,620.87227
9,20,621.167416
1,16,621.371683
6,17,621.615339
8,21,621.912758
9,20,622.206797
9,20,622.505458
7,20,622.800863
9,20,623.09576
6,23,623.396551
9,20,623.691499
9,20,623.986762
7,18,624.238593
6,23,624.545688
9,20,624.840616
8,21,625.137498
9,20,625.432777
9,20,625.727682
8,21,626.024224
0,13,626.199716
9,20,626.497128
7,20,626.793206
9,20,627.089362
8,21,627.38468
9,20,627.680476
9,20,627.977816
9,20,628.285188
9,20,628.584423
9,20,628.881187
9,20,629.175643
9,20,629.471695
7,22,629.769601
8,21,630.071609
9,20,630.364484
9,20,630.660039
8,21,630.95331
9,20,631.24783
-4,7,631.331359
9,20,631.626711
9,20,631.92012
8,21,632.236642
9,20,632.539586
9,20,632.834837
8,19,633.108058
9,20,633.40894
-4,7,633.496447
8,21,633.792458
9,20,634.08862
9,20,634.390557
9,20,634.68595
8,21,634.983131
9,20,635.27755
8,21,635.575367
5,22,635.874718
7,22,636.172267
9,20,636.466632
9,20,636.761035
9,20,637.056267
8,21,637.352578
8,21,637.64825
9,20,637.943275
8,21,638.246391
8,21,638.541133
9,20,638.835626
2,13,639.000439
6,19,639.276789
8,21,639.57385
9,20,639.869675
8,21,640.171689
9,20,640.467522
9,20,640.76749
9,20,641.061801
9,20,641.356396
9,20,641.651642
9,20,641.945499
9,20,642.24018
9,20,642.534425
9,20,642.828536
9,20,643.123471
4,15,643.326339
9,20,643.622081
7,20,643.894683
9,20,644.188937
9,20,644.483231
9,20,644.778681
9,20,645.074461
9,20,645.368294
9,20,645.662301
7,18,645.90934
8,19,646.184074
9,20,646.482604
9,20,646.776849
9,20,647.073184
9,20,647.369854
8,19,647.642728
9,20,647.943009
8,21,648.244411
8,21,648.543525
9,20,648.843363
9,20,649.146519
9,20,649.442489
9,20,649.737495
9,20,650.033594
9,20,650.328625
8,21,650.624878
9,20,650.917714
5,16,651.137055
9,20,651.431141
9,20,651.72786
9,20,652.02226
7,20,652.295709
9,20,652.591444
9,20,652.88584
9,20,653.178291
9,20,653.47253
2,13,653.643178
8,19,653.916624
7,22,654.214677
9,20,654.50812
9,20,654.803211
8,19,655.076415
9,20,655.378263
7,22,655.679856
9,20,655.978076
9,20,656.272664
9,20,656.568298
9,20,656.862334
-4,7,656.950537
8,21,657.248406
9,20,657.542251
8,21,657.839665
8,21,658.141906
9,20,658.435484
9,20,658.730337
9,20,659.02354
9,20,659.318496
9,20,659.614314
7,18,659.862658
2,17,660.080528
9,20,660.374927
9,20,660.669235
8,21,660.962522
8,21,661.276798
7,22,661.574261
9,20,661.86738
9,20,662.162455
8,21,662.468297
7,20,662.749643
8,21,663.050421
8,21,663.351587
7,20,663.625146
3,16,663.82405
8,21,664.120864
8,21,664.420634
9,20,664.71596
8,21,665.034919
9,20,665.32993
9,20,665.626537
8,21,665.921985
7,22,666.222436
9,20,666.518722
9,20,666.814252
9,20,667.110921
9,20,667.405505
9,20,667.70018
9,20,667.996603
9,20,668.29269
9,20,668.587995
8,21,668.89334
6,21,669.208192
9,20,669.503689
8,21,669.80501
9,20,670.098823
9,20,670.394429
9,20,670.700681
9,20,671.001643
9,20,671.319506
8,21,671.621305
9,20,671.917594
8,21,672.213503
8,21,672.513902
9,20,672.811842
9,20,673.113171
-5,6,673.184057
-5,6,673.255461
9,20,673.549078
-6,7,673.639094
9,20,673.933393
8,21,674.234112
8,21,674.531215
8,21,674.827194
8,21,675.122095
9,20,675.416879
9,20,675.711671
9,20,676.008101
9,20,676.304456
9,20,676.601862
9,20,676.901152
1,12,677.055159
9,20,677.35114
8,21,677.654233
9,20,677.949247
9,20,678.247021
9,20,678.541002
9,20,678.837069
9,20,679.131528
9,20,679.425588
9,20,679.722472
8,21,680.019476
0,11,680.15603
9,20,680.452893
7,18,680.708834
9,20,681.003364
9,20,681.30045
7,22,681.601002
9,20,681.897113
8,21,682.193629
9,20,682.490776
9,20,682.788009
8,21,683.089766
8,21,683.385086
9,20,683.680486
2,15,683.864438
9,20,684.163929
9,20,684.46045
8,21,684.757628
-4,9,684.869197
8,21,685.164237
9,20,685.458719
9,20,685.754906
9,20,686.048057
-4,7,686.131104
9,20,686.428688
7,22,686.729001
7,22,687.029465
9,20,687.326309
9,20,687.62012
8,21,687.91824
8,21,688.231319
8,21,688.529355
9,20,688.824543
7,22,689.122311
9,20,689.41784
9,20,689.710532
9,20,690.006653
9,20,690.30595
7,22,690.621277
7,20,690.91517
8,21,691.211098
9,20,691.514264
9,20,691.80871
9,20,692.104162
9,20,692.402653
9,20,692.69723
9,20,692.993045
9,20,693.28812
9,20,693.58499
9,20,693.87974
3,14,694.064292
9,20,694.358925
9,20,694.652108
9,20,694.947552
9,20,695.24094
8,21,695.53606
9,20,695.83124
9,20,696.125008
8,21,696.420688
9,20,696.715317
9,20,697.011695
8,21,697.308037
9,20,697.604629
9,20,697.899952
9,20,698.193695
9,20,698.49568
9,20,698.799584
9,20,699.094883
8,21,699.391687
9,20,699.686493
9,20,699.981985
9,20,700.277404
9,20,700.572123
9,20,700.865438
8,19,701.14718
9,20,701.442356
9,20,701.740315
9,20,702.034793
9,20,702.330278
9,20,702.624831
9,20,702.92007
9,20,703.214995
8,21,703.511369
9,20,703.808765
9,20,704.104663
7,22,704.408026
9,20,704.702261
8,21,704.99712
9,20,705.292395
9,20,705.588195
9,20,705.883612
9,20,706.185461
8,21,706.482107
9,20,706.777247
9,20,707.07443
8,21,707.372689
-3,8,707.468043
9,20,707.763651
9,20,708.059471
9,20,708.361352
9,20,708.659794
9,20,708.956344
6,19,709.234332
9,20,709.529062
8,19,709.808806
9,20,710.108871
9,20,710.403643
8,19,710.678058
9,20,710.980811
8,21,711.282091
8,21,711.589818
8,21,711.884682
9,20,712.179213
-3,8,712.279975
8,21,712.576617
9,20,712.870445
9,20,713.16739
8,19,713.452374
9,20,713.746508
8,21,714.042609
4,21,714.338923
9,20,714.633692
9,20,714.928581
9,20,715.223286
9,20,715.517942
9,20,715.814714
5,16,716.037464
9,20,716.334385
-2,9,716.447916
9,20,716.74504
9,20,717.044339
8,21,717.340657
9,20,717.637962
9,20,717.933569
9,20,718.229107
9,20,718.52953
9,20,718.824779
9,20,719.121395
9,20,719.416718
9,20,719.710385
8,21,720.006882
9,20,720.302445
7,18,720.563048
8,21,720.859524
9,20,721.156328
8,21,721.452914
8,21,721.753335
-16,43,722.060889
9,20,722.362682
8,21,722.665422
9,20,722.963342
7,20,723.245995
-2,11,723.39382
8,21,723.69199
9,20,723.990287
7,20,724.264922
8,21,724.563428
9,20,724.859297
9,20,725.160353
9,20,725.458373
8,21,725.754891
9,20,726.052463
9,20,726.348671
9,20,726.646109
8,21,726.943158
-3,8,727.042769
9,20,727.33867
9,20,727.640587
9,20,727.936667
9,20,728.235602
8,21,728.538564
9,20,728.836152
9,20,729.133878
9,20,729.431207
8,21,729.730405
9,20,730.025601
9,20,730.321895
8,21,730.623398
7,22,730.923698
9,20,731.221712
8,21,731.521963
7,20,731.795811
9,20,732.093776
7,22,732.409835
8,21,732.708231
9,20,733.006022
8,21,733.304219
7,22,733.602906
9,20,733.900161
7,22,734.20369
9,20,734.501211
9,20,734.802725
7,22,735.101133
9,20,735.396652
8,21,735.692149
9,20,735.990214
9,20,736.288003
7,20,736.56662
9,20,736.859812
9,20,737.156304
9,20,737.451034
6,21,737.753239
9,20,738.048104
9,20,738.343874
9,20,738.640041
7,20,738.936276
9,20,739.236573
9,20,739.531474
9,20,739.828926
9,20,740.124138
9,20,740.420919
4,19,740.673564
9,20,740.969319
9,20,741.265885
8,21,741.567478
8,21,741.864829
8,21,742.167134
9,20,742.471305
9,20,742.767456
8,21,743.064602
7,22,743.366152
7,22,743.664389
8,21,743.96107
7,22,744.262821
9,20,744.557144
8,21,744.85438
1,14,745.038078
9,20,745.335336
8,19,745.609364
9,20,745.904289
9,20,746.198167
9,20,746.496277
9,20,746.792144
8,21,747.094597
9,20,747.391924
9,20,747.686513
-4,7,747.773721
9,20,748.08502
9,20,748.385867
9,20,748.684546
7,20,748.982493
9,20,749.284459
9,20,749.582409
8,21,749.880114
9,20,750.177017
-3,8,750.27743
9,20,750.573795
8,21,750.872142
9,20,751.169878
9,20,751.471398
9,20,751.769891
8,21,752.06722
8,21,752.365292
9,20,752.665137
9,20,752.95904
9,20,753.256713
8,21,753.557552
7,22,753.856032
4,15,754.056161
9,20,754.352316
9,20,754.647823
8,19,754.922694
7,22,755.222213
9,20,755.518153
9,20,755.816588
9,20,756.112437
4,17,756.350367
9,20,756.653081
9,20,756.949202
9,20,757.247036
9,20,757.541252
3,18,757.760385
5,16,757.976364
9,20,758.274233
8,21,758.576089
9,20,758.870739
9,20,759.167177
8,21,759.463974
9,20,759.75983
9,20,760.055895
9,20,760.355556
5,18,760.603275
9,20,760.897648
8,21,761.199577
8,21,761.498203
9,20,761.79616
9,20,762.093554
8,21,762.392462
8,21,762.689115
9,20,762.986066
9,20,763.283125
9,20,763.579026
9,20,763.882594
8,21,764.182335
9,20,764.476207
7,18,764.733164
9,20,765.026691
8,21,765.326223
7,20,765.601621
8,21,765.898526
3,26,766.222608
7,22,766.528085
7,20,766.82911
8,19,767.103109
8,21,767.403061
9,20,767.699031
9,20,767.995511
9,20,768.293695
9,20,768.59019
9,20,768.887906
4,23,769.177357
9,20,769.47744
9,20,769.772642
9,20,770.070105
8,21,770.368935
9,20,770.666086
8,21,770.967371
8,21,771.270004
9,20,771.57067
9,20,771.86898
9,20,772.164894
7,22,772.468521
8,21,772.765306
9,20,773.061183
9,20,773.35914
8,21,773.656327
9,20,773.955713
9,20,774.251545
9,20,774.545016
8,21,774.842951
9,20,775.139016
7,22,775.443639
9,20,775.739343
9,20,776.036078
9,20,776.333287
9,20,776.627192
8,21,776.924459
8,21,777.223994
9,20,777.522991
9,20,777.819325
9,20,778.11689
8,19,778.41303
9,20,778.719718
9,20,779.020445
9,20,779.317722
8,21,779.615468
9,20,779.912594
8,21,780.209119
9,20,780.505684
8,21,780.807734
9,20,781.111354
6,23,781.429159
3,14,781.619815
8,21,781.918957
9,20,782.216535
8,21,782.516364
8,21,782.813721
7,22,783.115829
9,20,783.413093
9,20,783.707875
9,20,784.0054
9,20,784.304041
-15,51,784.662676
8,21,784.963721
9,20,785.266894
9,20,785.564598
9,20,785.861726
9,20,786.15871
8,19,786.446299
9,20,786.741817
9,20,787.036829
9,20,787.331893
9,20,787.627763
9,20,787.923478
1,16,788.119381
9,20,788.41567
9,20,788.712575
-7,30,788.986376
8,21,789.287073
9,20,789.586929
9,20,789.891747
8,21,790.192478
9,20,790.489858
-2,9,790.59967
9,20,790.895384
9,20,791.189328
9,20,791.48632
9,20,791.78272
9,20,792.07645
9,20,792.379841
-3,8,792.482902
8,21,792.781461
7,20,793.076657
6,17,793.315062
7,20,793.600225
8,19,793.87039
7,20,794.146827
7,20,794.420648
2,15,794.617192
3,16,794.840026
0,13,794.994656
8,19,795.269955
8,19,795.545449
5,16,795.770839
6,17,796.011169
4,17,796.236184
7,20,796.51343
7,20,796.7884
8,19,797.061435
8,19,797.331494
7,20,797.607579
8,19,797.882367
8,19,798.15699
8,19,798.434068
7,18,798.689369
8,19,798.964951
8,19,799.241209
7,20,799.52228
7,20,799.799265
7,20,800.074672
8,19,800.351848
8,19,800.626375
8,19,800.896126
6,19,801.169385
8,19,801.444979
7,20,801.727103
7,20,802.002728
6,21,802.281313
8,19,802.55582
7,20,802.831786
7,18,803.085955
8,19,803.357148
8,19,803.633134
8,19,803.908221
3,16,804.123682
8,19,804.410022
8,19,804.684873
8,19,804.959384
2,13,805.123003
8,19,805.399424
8,19,805.674229
1,24,805.941986
8,19,806.212314
8,19,806.493784
8,19,806.768632
2,25,807.050923
7,20,807.325925
8,19,807.605245
8,19,807.887581
4,17,808.122983
8,19,808.400176
7,18,808.649537
8,19,808.937384
6,17,809.175652
8,19,809.448209
-4,7,809.535972
8,19,809.809034
8,19,810.078598
8,19,810.353034
8,19,810.626972
7,20,810.903932
6,21,811.180128
8,19,811.457578
8,19,811.732181
8,19,812.007669
7,20,812.284201
6,19,812.539642
3,20,812.795303
8,19,813.078236
7,18,813.333074
7,18,813.588091
7,20,813.860876
8,19,814.135558
9,20,814.43216
7,22,814.735636
0,11,814.876246
7,20,815.15112
7,20,815.426664
8,19,815.702072
8,19,815.971231
8,19,816.245749
8,21,816.544079
8,21,816.845957
-4,7,816.928457
9,20,817.225738
6,21,817.502852
9,20,817.798609
8,19,818.072027
9,20,818.373119
9,20,818.67521
9,20,818.976386
9,20,819.272868
4,23,819.564473
9,20,819.859327
8,21,820.156967
9,20,820.454259
8,19,820.735335
9,20,821.031071
8,21,821.329561
9,20,821.624805
8,21,821.921306
9,20,822.219172
7,22,822.518691
7,18,822.77727
1,12,822.927368
8,21,823.23188
9,20,823.530097
-2,9,823.634721
9,20,823.931305
9,20,824.228837
9,20,824.523991
9,20,824.820189
9,20,825.117264
9,20,825.422201
9,20,825.727481
4,17,825.968503
8,21,826.289302
9,20,826.595656
7,22,827.055646
8,21,827.439046
9,20,827.766145
8,21,828.106995
8,21,828.429711
9,20,828.727666
9,20,829.027783
9,20,829.338751
8,21,829.643854
9,20,829.941203
9,20,830.239684
9,20,830.537939
9,20,830.833791
9,20,831.130162
9,20,831.443518
8,21,831.739096
9,20,832.037892
8,21,832.339102
9,20,832.63632
9,20,832.931295
9,20,833.228205
9,20,833.526649
9,20,833.820693
8,21,834.117087
9,20,834.413576
6,23,834.713413
9,20,835.008454
9,20,835.304193
9,20,835.605426
9,20,835.903251
9,20,836.199535
9,20,836.497099
9,20,836.791934
9,20,837.088526
5,22,837.39592
9,20,837.692199
8,21,837.990743
8,21,838.288541
9,20,838.584753
5,16,838.808417
9,20,839.106291
8,19,839.387972
9,20,839.683172
7,22,839.985946
9,20,840.28209
9,20,840.578954
2,13,840.750552
9,20,841.048619
9,20,841.345405
9,20,841.642926
8,21,841.940802
8,19,842.214045
9,20,842.515459
9,20,842.815061
8,19,843.091387
7,22,843.389858
8,21,843.691866
9,20,843.988929
4,21,844.245055
8,21,844.544564
8,21,844.841565
7,20,845.139069
9,20,845.437408
-5,6,845.508439
9,20,845.803366
9,20,846.100671
9,20,846.400027
9,20,846.699771
9,20,846.996888
9,20,847.291236
9,20,847.591421
8,21,847.892758
9,20,848.189636
9,20,848.485834
8,21,848.782956
7,22,849.082267
9,20,849.379606
8,21,849.677599
9,20,849.975282
8,21,850.282554
7,20,850.555789
9,20,850.849932
8,21,851.148788
5,20,851.429638
8,21,851.72705
9,20,852.02205
8,21,852.319583
6,23,852.624071
8,21,852.922053
8,21,853.218663
6,23,853.520513
9,20,853.817786
8,21,854.115679
9,20,854.412863
9,20,854.708086
8,21,855.004927
9,20,855.301356
9,20,855.598442
2,15,855.784071
9,20,856.080193
8,21,856.379528
9,20,856.674993
9,20,856.971952
9,20,857.274591
9,20,857.572412
8,21,857.872538
9,20,858.170514
9,20,858.467606
9,20,858.763999
8,19,859.046285
9,20,859.341333
9,20,859.63765
8,19,859.910053
8,21,860.210161
9,20,860.507413
9,20,860.80585
9,20,861.102543
8,19,861.376327
8,21,861.675166
8,21,861.976743
9,20,862.273447
9,20,862.570718
9,20,862.865176
9,20,863.161202
8,21,863.458856
-2,9,863.567048
8,21,863.863703
6,23,864.167041
4,21,864.442838
8,21,864.747772
8,21,865.045441
9,20,865.342842
9,20,865.641451
7,22,865.937361
8,19,866.210054
8,21,866.506685
8,21,866.80551
9,20,867.100501
5,20,867.375472
9,20,867.68185
9,20,867.981249
9,20,868.277305
9,20,868.573426
9,20,868.867145
8,21,869.164877
9,20,869.462498
9,20,869.760441
9,20,870.056261
9,20,870.351777
9,20,870.649815
4,19,870.908283
9,20,871.203111
9,20,871.501015
9,20,871.803935
-5,8,871.891939
9,20,872.188789
8,21,872.488832
9,20,872.783639
7,18,873.040985
8,21,873.336604
9,20,873.63369
9,20,873.928449
8,21,874.228371
8,19,874.508423
8,21,874.806832
7,20,875.08078
9,20,875.376789
8,21,875.675791
9,20,875.97063
9,20,876.26557
9,20,876.561263
9,20,876.856509
8,19,877.132647
9,20,877.430235
9,20,877.731493
9,20,878.026553
9,20,878.324971
9,20,878.623107
1,26,878.922978
8,19,879.202288
8,21,879.501866
8,21,879.797427
9,20,880.093594
9,20,880.389336
9,20,880.685896
9,20,880.983853
0,13,881.130995
9,20,881.428071
9,20,881.72315
9,20,882.018348
8,21,882.31854
9,20,882.61324
8,21,882.910902
9,20,883.208192
9,20,883.503274
9,20,883.800436
9,20,884.095693
9,20,884.39118
9,20,884.686464
9,20,884.983588
9,20,885.279823
9,20,885.5783
9,20,885.870749
9,20,886.171804
-3,8,886.270903
9,20,886.566553
8,19,886.839799
9,20,887.136599
3,22,887.428729
7,20,887.72486
9,20,888.018714
8,21,888.315458
8,21,888.611382
9,20,888.906548
9,20,889.204287
6,21,889.504561
9,20,889.800113
9,20,890.095945
8,21,890.393984
9,20,890.689343
9,20,890.984215
8,19,891.26728
9,20,891.56558
9,20,891.862711
9,20,892.158571
9,20,892.468416
9,20,892.767081
8,21,893.084922
9,20,893.380196
9,20,893.679314
9,20,893.978095
9,20,894.273188
7,22,894.576474
9,20,894.876556
7,22,895.186647
9,20,895.484933
9,20,895.78113
9,20,896.077225
8,21,896.375711
9,20,896.671468
8,21,896.972488
9,20,897.269348
9,20,897.566332
7,20,897.845983
9,20,898.141453
9,20,898.436559
8,21,898.741218
8,21,899.038201
8,19,899.326972
9,20,899.622603
9,20,899.917558
9,20,900.212686
9,20,900.510593
9,20,900.811894
8,21,901.109161
9,20,901.408122
9,20,901.70542
8,21,902.003898
9,20,902.304578
7,22,902.622639
4,21,902.911609
9,20,903.208463
8,21,903.508548
9,20,903.805992
8,21,904.102742
8,21,904.400553
8,21,904.704559
8,21,905.002487
6,23,905.301388
8,21,905.60496
9,20,905.900943
9,20,906.196579
7,22,906.495839
9,20,906.79291
8,21,907.088162
9,20,907.386191
9,20,907.688904
7,22,907.999323
9,20,908.297398
8,21,908.595175
5,24,908.897128
5,24,909.196798
8,21,909.498907
8,21,909.795698
9,20,910.091152
8,21,910.38834
8,21,910.686842
9,20,910.982974
6,19,911.24816
9,20,911.545273
8,21,911.84183
9,20,912.138198
9,20,912.43535
3,14,912.631442
8,21,912.93262
8,19,913.214178
6,23,913.518353
6,21,913.809297
-4,7,913.899148
8,19,914.193877
8,21,914.50451
9,20,914.813856
0,19,915.083605
9,20,915.39687
8,21,915.718095
8,21,916.034631
9,20,916.348567
8,21,916.658154
6,21,916.973198
8,21,917.289192
9,20,917.622096
9,20,917.9334
9,20,918.253938
9,20,918.565884
9,20,918.883361
8,21,919.317822
9,20,919.724853
8,21,920.122781
9,20,920.473688
8,21,920.778928
4,15,920.979948
9,20,921.288033
8,21,921.59242
9,20,921.893628
8,21,922.196791
7,20,922.492611
5,22,922.77646
9,20,923.0964
9,20,923.405091
8,21,923.737063
8,21,924.050053
9,20,924.371978
9,20,924.662292
8,21,924.950292
8,19,925.216413
6,21,925.485886
9,20,925.774251
6,21,926.063923
6,21,926.333647
8,19,926.601423
8,19,926.869394
8,19,927.135333
9,20,927.430991
9,20,927.764804
8,21,928.061533
8,19,928.361991
9,20,928.711633
9,20,929.016473
9,20,929.324708
8,21,929.630446
9,20,929.928066
7,20,930.217829
8,21,930.525129
9,20,930.828334
9,20,931.128948
9,20,931.432442
9,20,931.746256
8,19,932.020111
9,20,932.323026
8,21,932.625407
8,21,932.919853
9,20,933.21842
9,20,933.513515
9,20,933.811655
9,20,934.100542
7,22,934.401162
4,17,934.617904
9,20,934.930441
1,20,935.211241
9,20,935.531594
8,21,935.850148
9,20,936.150563
6,21,936.457802
9,20,936.764537
9,20,937.052956
6,21,937.344545
8,19,937.615051
9,20,937.911462
8,21,938.203949
9,20,938.514721
8,19,938.810079
9,20,939.132291
9,20,939.450327
4,19,939.690297
9,20,939.992386
9,20,940.297602
9,20,940.598081
8,21,940.894205
-7,4,940.942117
9,20,941.240423
9,20,941.538906
9,20,941.83829
9,20,942.130699
9,20,942.429083
-2,9,942.543559
9,20,942.838133
9,20,943.130883
8,21,943.427458
9,20,943.720686
9,20,944.012356
8,21,944.31117
9,20,944.604741
8,21,944.909988
8,19,945.185392
8,21,945.482967
8,21,945.776683
9,20,946.069727
9,20,946.363648
9,20,946.655671
9,20,946.948292
9,20,947.242608
9,20,947.536796
-6,5,947.598394
9,20,947.89179
8,21,948.186401
7,20,948.46568
8,21,948.770025
9,20,949.060835
6,19,949.335087
8,21,949.628513
6,23,949.931172
7,18,950.189947
8,21,950.485289
9,20,950.780955
9,20,951.079039
8,21,951.395944
5,20,951.685892
9,20,951.982887
8,21,952.281008
9,20,952.586428
9,20,952.882539
9,20,953.181262
9,20,953.480249
9,20,953.776206
6,21,954.096706
9,20,954.405407
9,20,954.731885
4,15,954.9279
9,20,955.2161
8,21,955.512376
9,20,955.801853
-2,9,955.908921
9,20,956.213149
8,21,956.52433
9,20,956.830942
-6,5,956.893951
5,20,957.18833
9,20,957.48591
7,22,957.77928
9,20,958.069971
9,20,958.366415
9,20,958.66948
5,22,958.972763
9,20,959.266701
8,21,959.646913
9,20,959.975532
9,20,960.299379
9,20,960.611579
8,21,960.914448
9,20,961.207127
9,20,961.50269
9,20,961.797076
9,20,962.088498
8,21,962.385573
9,20,962.677138
8,21,962.970054
8,21,963.259659
8,21,963.555678
9,20,963.847787
1,12,963.994919
9,20,964.285014
9,20,964.57741
9,20,964.867852
8,21,965.160944
6,23,965.462415
6,23,965.756064
8,21,966.056013
9,20,966.348205
8,21,966.637977
9,20,966.932808
8,19,967.202636
8,21,967.511877
9,20,967.812215
9,20,968.11493
8,21,968.428479
9,20,968.735217
9,20,969.03142
9,20,969.32499
8,21,969.65482
8,19,969.924623
9,20,970.21932
9,20,970.515941
7,22,970.825514
9,20,971.162329
9,20,971.492497
7,18,971.746593
9,20,972.045967
8,21,972.359638
9,20,972.667456
9,20,972.959519
9,20,973.253157
-4,7,973.344689
7,22,973.639554
9,20,973.932275
9,20,974.237829
9,20,974.541652
8,21,974.850938
9,20,975.143638
9,20,975.437081
7,20,975.71343
9,20,976.003898
5,20,976.275161
9,20,976.566224
5,18,976.818293
9,20,977.106229
9,20,977.395856
7,20,977.677356
8,21,977.970287
7,22,978.262578
-3,8,978.363763
9,20,978.654724
8,21,978.945873
9,20,979.236846
-2,11,979.362519
9,20,979.658865
9,20,979.947921
9,20,980.237447
9,20,980.526888
9,20,980.816558
8,21,981.11327
9,20,981.405517
9,20,981.703219
8,21,981.995581
8,21,982.286055
9,20,982.577346
6,23,982.874152
9,20,983.162403
9,20,983.451465
9,20,983.740811
9,20,984.030869
9,20,984.320169
9,20,984.608448
6,21,984.898473
8,21,985.189246
8,21,985.480313
8,21,985.773522
8,21,986.082855
5,24,986.393263
7,22,986.697229
8,21,986.992345
8,21,987.31886
7,22,987.638244
8,21,987.934113
9,20,988.232398
9,20,988.54117
8,21,988.851778
-3,8,988.965763
8,19,989.231904
9,20,989.523345
9,20,989.824998
7,22,990.134426
9,20,990.428834
8,21,990.728764
9,20,991.026169
9,20,991.327868
9,20,991.633505
9,20,991.931534
9,20,992.231201
6,19,992.48965
0,11,992.628413
8,21,992.922529
9,20,993.214214
8,21,993.508324
9,20,993.803104
9,20,994.09405
3,20,994.350821
9,20,994.65041
9,20,994.950341
3,24,995.231597
8,19,995.501451
7,20,995.772101
9,20,996.070696
7,20,996.348578
9,20,996.650061
9,20,996.940512
8,21,997.231265
9,20,997.522296
9,20,997.812623
0,11,997.950532
9,20,998.245507
7,18,998.51278
9,20,998.806857
9,20,999.09965
9,20,999.392946
7,20,999.67207
9,20,999.966197
9,20,1000.260283
7,22,1000.553539
-1,12,1000.694596
9,20,1000.987745
9,20,1001.282381
8,21,1001.576893
9,20,1001.868705
9,20,1002.160305
8,21,1002.455401
9,20,1002.749939
9,20,1003.048765
9,20,1003.347982
9,20,1003.641882
9,20,1003.936613
9,20,1004.229836
8,21,1004.526982
9,20,1004.818564
7,22,1005.11665
9,20,1005.412038
8,21,1005.712215
7,22,1006.037473
9,20,1006.335091
9,20,1006.625341
9,20,1006.92896
9,20,1007.2211
8,21,1007.51944
8,21,1007.814769
9,20,1008.106847
9,20,1008.400514
8,21,1008.699124
9,20,1008.995618
9,20,1009.288787
6,21,1009.569703
8,21,1009.867909
9,20,1010.158923
9,20,1010.457181
8,21,1010.75619
9,20,1011.049803
9,20,1011.346527
8,21,1011.640441
7,18,1011.886886
9,20,1012.179788
8,21,1012.48204
8,21,1012.785193
9,20,1013.079974
8,21,1013.371162
9,20,1013.668557
9,20,1013.975197
9,20,1014.277752
9,20,1014.586655
9,20,1014.889349
9,20,1015.187777
9,20,1015.490123
7,18,1015.745038
9,20,1016.037052
9,20,1016.332325
9,20,1016.624983
7,20,1016.917658
9,20,1017.211751
9,20,1017.510327
7,20,1017.807202
8,21,1018.102218
7,22,1018.396935
8,21,1018.692711
9,20,1018.984494
9,20,1019.279109
9,20,1019.573247
9,20,1019.869231
9,20,1020.171178
5,22,1020.467091
6,21,1020.749613
9,20,1021.043495
9,20,1021.333675
9,20,1021.625223
9,20,1021.913757
8,21,1022.20304
9,20,1022.494615
7,22,1022.791369
9,20,1023.079664
5,22,1023.352353
9,20,1023.643183
8,21,1023.932964
9,20,1024.222596
7,22,1024.520344
9,20,1024.81638
9,20,1025.107817
9,20,1025.398696
7,18,1025.644585
9,20,1025.93508
9,20,1026.228119
9,20,1026.533272
9,20,1026.83256
8,21,1027.12726
9,20,1027.425432
8,21,1027.724714
5,24,1028.021483
8,21,1028.318132
7,20,1028.591949
7,20,1028.87078
7,22,1029.166202
8,21,1029.459952
8,19,1029.739172
9,20,1030.033796
9,20,1030.334275
8,21,1030.631006
9,20,1030.924442
9,20,1031.217463
8,19,1031.496922
9,20,1031.794951
9,20,1032.093268
9,20,1032.400068
9,20,1032.698947
9,20,1032.991574
8,21,1033.290247
9,20,1033.587351
9,20,1033.88078
9,20,1034.173012
9,20,1034.468212
9,20,1034.762779
9,20,1035.055607
6,23,1035.35869
8,21,1035.654884
9,20,1035.950706
9,20,1036.245014
9,20,1036.54235
9,20,1036.836444
9,20,1037.140702
3,16,1037.361843
9,20,1037.654377
9,20,1037.953621
9,20,1038.248054
7,22,1038.552162
9,20,1038.840577
8,21,1039.146967
6,19,1039.412759
9,20,1039.709076
8,21,1040.007747
9,20,1040.303001
9,20,1040.59568
9,20,1040.889388
7,22,1041.185431
8,21,1041.484108
9,20,1041.779461
9,20,1042.0723
9,20,1042.366344
9,20,1042.65736
9,20,1042.950087
6,23,1043.251621
9,20,1043.557599
9,20,1043.866358
9,20,1044.159481
9,20,1044.461766
9,20,1044.766698
9,20,1045.058394
7,22,1045.367775
9,20,1045.673232
8,21,1045.970099
8,19,1046.239064
8,21,1046.552382
9,20,1046.851186
9,20,1047.156452
9,20,1047.459176
9,20,1047.753571
9,20,1048.047642
9,20,1048.34306
9,20,1048.637733
8,21,1048.952116
8,21,1049.244751
7,22,1049.539273
9,20,1049.834374
9,20,1050.128404
8,21,1050.426254
9,20,1050.718732
9,20,1051.013155
9,20,1051.308281
8,21,1051.607645
9,20,1051.901131
7,20,1052.194388
9,20,1052.49289
9,20,1052.788583
8,21,1053.083393
9,20,1053.377499
9,20,1053.676203
9,20,1053.97256
9,20,1054.268229
9,20,1054.561452
7,20,1054.857942
8,21,1055.153492
9,20,1055.447288
9,20,1055.740713
9,20,1056.036013
8,21,1056.347186
9,20,1056.656553
9,20,1056.966032
9,20,1057.271169
9,20,1057.564526
9,20,1057.856629
8,21,1058.152072
8,21,1058.444831
9,20,1058.733455
9,20,1059.024439
9,20,1059.315357
7,22,1059.629908
5,18,1059.902564
8,21,1060.197679
9,20,1060.49525
9,20,1060.795829
9,20,1061.102312
7,18,1061.35539
8,21,1061.654088
9,20,1061.949158
9,20,1062.2436
8,21,1062.554824
9,20,1062.859865
9,20,1063.153405
9,20,1063.454373
8,21,1063.750036
9,20,1064.040453
9,20,1064.33191
9,20,1064.621196
8,21,1064.913401
9,20,1065.20293
9,20,1065.493719
8,19,1065.761657
7,22,1066.058081
9,20,1066.348373
8,21,1066.639986
8,19,1066.908543
9,20,1067.199059
9,20,1067.493247
9,20,1067.801572
9,20,1068.109042
9,20,1068.441404
9,20,1068.739127
9,20,1069.03451
8,21,1069.32582
9,20,1069.64935
7,22,1069.961354
9,20,1070.274819
9,20,1070.592298
9,20,1070.901535
9,20,1071.196349
8,21,1071.504351
9,20,1071.803155
9,20,1072.098744
8,21,1072.401586
9,20,1072.712778
9,20,1073.019551
9,20,1073.367627
9,20,1073.697775
9,20,1074.056673
8,21,1074.382203
-5,6,1074.465033
9,20,1074.761355
7,22,1075.057009
9,20,1075.369108
8,21,1075.671088
9,20,1076.000787
9,20,1076.299684
9,20,1076.604769
3,14,1076.790184
9,20,1077.090246
9,20,1077.386706
8,19,1077.66636
9,20,1077.964768
8,21,1078.274881
8,21,1078.6031
9,20,1078.92366
8,21,1079.238969
9,20,1079.539156
9,20,1079.836557
9,20,1080.159458
8,21,1080.458998
8,21,1080.759608
9,20,1081.058542
9,20,1081.37023
8,19,1081.667783
9,20,1081.985287
8,21,1082.294086
9,20,1082.59619
7,20,1082.883726
8,21,1083.192697
9,20,1083.502951
8,21,1083.827493
9,20,1084.126709
9,20,1084.437768
9,20,1084.7528
9,20,1085.063384
-1,10,1085.202385
2,13,1085.372082
8,19,1085.654551
7,22,1085.960184
9,20,1086.258163
9,20,1086.556307
9,20,1086.857853
9,20,1087.158861
8,19,1087.438419
8,21,1087.741914
9,20,1088.04085
5,20,1088.329178
9,20,1088.628017
9,20,1088.925331
9,20,1089.22001
9,20,1089.521249
9,20,1089.818596
7,20,1090.101027
8,21,1090.404221
9,20,1090.700898
9,20,1091.000224
9,20,1091.296567
9,20,1091.597145
8,21,1091.896156
8,21,1092.193735
8,21,1092.491954
9,20,1092.789056
9,20,1093.086507
9,20,1093.384216
9,20,1093.68164
9,20,1093.977384
9,20,1094.275318
8,21,1094.572345
8,21,1094.884029
8,21,1095.180641
9,20,1095.477836
9,20,1095.773549
8,21,1096.069765
8,21,1096.370778
7,22,1096.688884
9,20,1096.983474
9,20,1097.28055
7,22,1097.579604
7,22,1097.879663
5,20,1098.159704
7,18,1098.416271
9,20,1098.7118
9,20,1099.008032
9,20,1099.304446
7,22,1099.603739
7,22,1099.909255
9,20,1100.206968
9,20,1100.504717
8,21,1100.802415
8,21,1101.098558
7,20,1101.395569
4,19,1101.654886
8,21,1101.95094
9,20,1102.246735
8,21,1102.545458
9,20,1102.841416
9,20,1103.138274
9,20,1103.438126
8,19,1103.711147
1,12,1103.867972
9,20,1104.164775
9,20,1104.461881
9,20,1104.759243
8,21,1105.060234
9,20,1105.36122
6,23,1105.661958
9,20,1105.960568
8,21,1106.261551
9,20,1106.560191
9,20,1106.864253
8,21,1107.16646
9,20,1107.465227
9,20,1107.763316
9,20,1108.06053
9,20,1108.359013
9,20,1108.657126
7,20,1108.935996
7,22,1109.234426
9,20,1109.531524
8,21,1109.830815
9,20,1110.128223
8,21,1110.43061
8,21,1110.728939
9,20,1111.028218
9,20,1111.32619
8,21,1111.621892
8,19,1111.902242
7,22,1112.201217
9,20,1112.506043
9,20,1112.810457
8,21,1113.107507
8,21,1113.411504
9,20,1113.709501
9,20,1114.0048
9,20,1114.302044
8,21,1114.601182
9,20,1114.897738
9,20,1115.194605
9,20,1115.493823
9,20,1115.793735
9,20,1116.090993
9,20,1116.39014
9,20,1116.6883
9,20,1116.984859
9,20,1117.280017
9,20,1117.578165
9,20,1117.874458
9,20,1118.169848
9,20,1118.467551
9,20,1118.765571
9,20,1119.062018
9,20,1119.358202
9,20,1119.654976
9,20,1119.951968
9,20,1120.255127
9,20,1120.553809
8,21,1120.853231
9,20,1121.155333
8,21,1121.454957
8,19,1121.734301
9,20,1122.032942
9,20,1122.330534
9,20,1122.629013
8,21,1122.928262
9,20,1123.223495
8,21,1123.533214
9,20,1123.831229
9,20,1124.127532
1,12,1124.285209
4,15,1124.490422
9,20,1124.785336
8,21,1125.082544
9,20,1125.378227
7,20,1125.674525
9,20,1125.975056
8,21,1126.27283
9,20,1126.574487
8,19,1126.860433
9,20,1127.162557
9,20,1127.463689
9,20,1127.763876
9,20,1128.059758
9,20,1128.356532
9,20,1128.653691
9,20,1128.950672
9,20,1129.247745
8,21,1129.564426
8,21,1129.861287
9,20,1130.155673
9,20,1130.454417
9,20,1130.750837
8,21,1131.049406
9,20,1131.347181
9,20,1131.644131
8,21,1131.939996
9,20,1132.237536
8,21,1132.535132
9,20,1132.831658
7,22,1133.138811
9,20,1133.434862
9,20,1133.730383
3,16,1133.955086
9,20,1134.250689
-2,9,1134.361905
9,20,1134.660662
9,20,1134.962655
9,20,1135.259446
7,20,1135.556965
9,20,1135.85887
9,20,1136.162002
9,20,1136.467399
9,20,1136.764258
9,20,1137.058617
8,21,1137.359349
9,20,1137.656486
8,21,1137.954618
9,20,1138.250486
6,21,1138.548281
9,20,1138.844975
9,20,1139.140893
8,19,1139.418678
9,20,1139.716435
9,20,1140.015286
8,21,1140.315212
9,20,1140.614107
9,20,1140.910031
9,20,1141.206878
9,20,1141.523914
9,20,1141.821667
8,21,1142.122242
9,20,1142.429853
9,20,1142.728504
9,20,1143.02597
-9,2,1143.059995
8,21,1143.358412
9,20,1143.655631
7,22,1143.955659
8,21,1144.255039
9,20,1144.54998
9,20,1144.845104
8,21,1145.149007
8,21,1145.464033
9,20,1145.759127
9,20,1146.05693
9,20,1146.353146
9,20,1146.648093
9,20,1146.94346
9,20,1147.240387
9,20,1147.537382
9,20,1147.835014
9,20,1148.131393
9,20,1148.43001
8,21,1148.72706
9,20,1149.021166
7,22,1149.319791
7,22,1149.627953
7,20,1149.901379
9,20,1150.197123
9,20,1150.496404
9,20,1150.793724
9,20,1151.095115
9,20,1151.399342
9,20,1151.695467
5,20,1151.990103
9,20,1152.286459
9,20,1152.58416
8,19,1152.858099
9,20,1153.156268
8,21,1153.453417
9,20,1153.748903
9,20,1154.045002
8,21,1154.342636
9,20,1154.639892
9,20,1154.934879
9,20,1155.231452
9,20,1155.527943
9,20,1155.824254
9,20,1156.120512
9,20,1156.418146
9,20,1156.717047
9,20,1157.019769
6,21,1157.315674
9,20,1157.613027
6,21,1157.89354
9,20,1158.190121
7,20,1158.486387
9,20,1158.783253
9,20,1159.08295
9,20,1159.37792
9,20,1159.67276
9,20,1159.968959
8,21,1160.271176
9,20,1160.570744
7,20,1160.867227
9,20,1161.167961
9,20,1161.465111
7,22,1161.765701
8,21,1162.076335
9,20,1162.376544
8,21,1162.674608
7,20,1162.959401
9,20,1163.260626
9,20,1163.558789
8,21,1163.86159
9,20,1164.164152
8,21,1164.46327
9,20,1164.761188
9,20,1165.059164
8,21,1165.356792
8,19,1165.636467
6,21,1165.933285
8,21,1166.230701
8,19,1166.508688
9,20,1166.820594
9,20,1167.11983
3,18,1167.363684
9,20,1167.660122
9,20,1167.956255
9,20,1168.252247
9,20,1168.550122
9,20,1168.847082
9,20,1169.1421
9,20,1169.439035
9,20,1169.735931
9,20,1170.033042
9,20,1170.328434
7,22,1170.638831
7,22,1170.939133
9,20,1171.237674
9,20,1171.540841
8,21,1171.845053
9,20,1172.141428
9,20,1172.447146
9,20,1172.745309
4,15,1172.95115
9,20,1173.246117
9,20,1173.541327
8,21,1173.844639
9,20,1174.146884
9,20,1174.444303
9,20,1174.745853
9,20,1175.041708
6,23,1175.365794
8,21,1175.666772
6,21,1175.946525
2,13,1176.119452
9,20,1176.415551
9,20,1176.712514
8,19,1176.991738
9,20,1177.290012
9,20,1177.585965
9,20,1177.881225
7,20,1178.177526
9,20,1178.475051
8,21,1178.77877
9,20,1179.076448
8,21,1179.374978
8,21,1179.670601
7,20,1179.951063
6,23,1180.249888
9,20,1180.551684
9,20,1180.847565
9,20,1181.146571
8,21,1181.44776
9,20,1181.742519
7,22,1182.040797
7,20,1182.33687
9,20,1182.633023
9,20,1182.928927
9,20,1183.226604
8,21,1183.523675
9,20,1183.81976
8,21,1184.118508
9,20,1184.415615
9,20,1184.711126
8,19,1184.989561
8,19,1185.272551
8,19,1185.549136
9,20,1185.844816
7,22,1186.170234
8,21,1186.467981
9,20,1186.765132
8,21,1187.065639
9,20,1187.362638
7,20,1187.659043
9,20,1187.956059
9,20,1188.253145
9,20,1188.550113
9,20,1188.849438
9,20,1189.143068
9,20,1189.439804
8,21,1189.736851
9,20,1190.032661
9,20,1190.3294
8,19,1190.6056
9,20,1190.901217
9,20,1191.198126
9,20,1191.496422
9,20,1191.792065
8,21,1192.090463
9,20,1192.385958
9,20,1192.682466
-6,7,1192.757707
8,21,1193.05578
9,20,1193.357567
8,21,1193.660493
9,20,1193.95562
7,22,1194.254971
8,21,1194.551627
8,21,1194.854235
8,21,1195.164855
9,20,1195.483939
9,20,1195.794142
9,20,1196.105858
9,20,1196.406996
-3,8,1196.513097
9,20,1196.820511
9,20,1197.120115
9,20,1197.416211
9,20,1197.713915
9,20,1198.01194
9,20,1198.307974
9,20,1198.611325
8,21,1198.914725
8,19,1199.193221
7,22,1199.499928
9,20,1199.797029
9,20,1200.096559
9,20,1200.395855
9,20,1200.700392
8,21,1201.002196
9,20,1201.318123
9,20,1201.632519
8,21,1201.938114
6,17,1202.178263
-1,10,1202.306917
8,21,1202.618803
9,20,1202.915144
5,20,1203.176073
9,20,1203.475952
5,16,1203.702581
9,20,1204.005133
9,20,1204.306173
8,21,1204.607274
9,20,1204.904577
8,21,1205.203447
9,20,1205.504593
8,21,1205.811804
9,20,1206.109737
9,20,1206.407304
9,20,1206.70547
9,20,1207.003198
9,20,1207.298531
9,20,1207.595872
9,20,1207.893252
9,20,1208.196408
9,20,1208.494085
9,20,1208.792536
9,20,1209.089857
9,20,1209.386994
7,22,1209.700989
8,21,1210.001973
9,20,1210.298252
8,19,1210.574088
9,20,1210.873687
8,19,1211.155116
9,20,1211.453229
1,14,1211.63096
8,21,1211.95583
9,20,1212.250593
9,20,1212.544306
9,20,1212.840702
-1,10,1212.971753
9,20,1213.269534
8,21,1213.566447
9,20,1213.864262
8,19,1214.14465
8,21,1214.442858
-2,9,1214.551188
8,21,1214.852222
8,21,1215.150864
-3,8,1215.25012
9,20,1215.552565
4,23,1215.881043
8,21,1216.180394
8,21,1216.484078
9,20,1216.781233
7,20,1217.068517
0,11,1217.204748
7,22,1217.50188
8,21,1217.800438
8,21,1218.113406
2,15,1218.310543
9,20,1218.604895
9,20,1218.90001
8,21,1219.198091
7,22,1219.495182
9,20,1219.790142
9,20,1220.086394
9,20,1220.382891
8,21,1220.681071
9,20,1220.977131
8,21,1221.282014
8,21,1221.577691
9,20,1221.873722
9,20,1222.169771
9,20,1222.468916
9,20,1222.77163
9,20,1223.065842
9,20,1223.362526
8,19,1223.639032
9,20,1223.936258
8,21,1224.232908
8,21,1224.530725
9,20,1224.826255
8,21,1225.122775
8,21,1225.430423
8,19,1225.711143
8,21,1226.009252
9,20,1226.304856
8,21,1226.616372
8,21,1226.919628
8,21,1227.217469
8,21,1227.526789
9,20,1227.82314
9,20,1228.119815
9,20,1228.416156
6,21,1228.692871
9,20,1228.990942
9,20,1229.284791
9,20,1229.579648
9,20,1229.881208
9,20,1230.180526
-4,7,1230.266973
9,20,1230.564815
9,20,1230.865107
9,20,1231.159293
9,20,1231.464067
9,20,1231.769219
6,17,1232.010782
9,20,1232.308375
8,21,1232.615757
9,20,1232.910772
8,21,1233.212038
9,20,1233.507616
8,21,1233.804689
9,20,1234.101068
9,20,1234.395636
8,21,1234.69416
9,20,1234.992011
9,20,1235.289095
9,20,1235.58425
9,20,1235.883186
8,21,1236.178868
9,20,1236.474919
8,21,1236.772276
9,20,1237.067437
9,20,1237.370577
9,20,1237.667476
9,20,1237.963574
7,22,1238.269957
9,20,1238.566305
9,20,1238.864595
9,20,1239.164325
8,21,1239.463167
9,20,1239.759056
8,21,1240.058536
9,20,1240.354782
9,20,1240.651785
9,20,1240.948687
9,20,1241.245743
9,20,1241.54283
9,20,1241.840335
8,21,1242.140043
5,16,1242.361727
9,20,1242.656664
8,21,1242.955394
9,20,1243.252479
9,20,1243.548678
9,20,1243.846004
7,22,1244.152386
-1,10,1244.2769
9,20,1244.579868
9,20,1244.87862
9,20,1245.194846
9,20,1245.49745
7,22,1245.80608
9,20,1246.110927
9,20,1246.410305
-5,6,1246.480876
9,20,1246.775997
9,20,1247.072524
8,21,1247.372979
8,21,1247.680101
8,19,1247.954349
9,20,1248.255725
9,20,1248.55225
9,20,1248.851518
8,21,1249.152594
9,20,1249.456613
7,20,1249.740621
8,21,1250.04111
9,20,1250.340444
9,20,1250.635182
8,21,1250.948239
8,19,1251.228057
9,20,1251.530828
8,21,1251.844841
9,20,1252.147276
9,20,1252.473171
8,21,1252.771835
9,20,1253.067283
9,20,1253.365056
9,20,1253.664312
9,20,1253.960822
8,21,1254.274972
7,20,1254.563244
9,20,1254.860645
8,21,1255.161162
8,21,1255.465421
9,20,1255.764767
9,20,1256.063173
7,22,1256.365686
9,20,1256.662668
6,21,1256.962286
9,20,1257.25895
9,20,1257.555711
9,20,1257.856469
9,20,1258.160522
9,20,1258.459904
9,20,1258.755427
8,21,1259.052032
8,19,1259.345085
8,21,1259.652419
9,20,1259.94894
9,20,1260.247813
9,20,1260.544045
9,20,1260.84294
9,20,1261.140981
8,21,1261.458933
9,20,1261.755444
8,19,1262.036164
9,20,1262.333351
9,20,1262.641649
8,21,1262.940366
8,21,1263.240663
9,20,1263.53815
9,20,1263.834664
9,20,1264.130903
6,17,1264.366078
7,20,1264.645546
8,21,1264.943883
9,20,1265.241312
9,20,1265.54003
9,20,1265.837184
9,20,1266.134954
7,20,1266.411961
8,21,1266.716709
8,21,1267.019127
9,20,1267.313373
8,21,1267.610619
7,20,1267.905022
8,21,1268.203495
7,18,1268.467615
6,23,1268.784807
7,22,1269.115232
9,20,1269.426462
9,20,1269.724722
8,21,1270.024837
-3,10,1270.137318
8,21,1270.438823
8,21,1270.738905
9,20,1271.044375
8,21,1271.364791
9,20,1271.666259
9,20,1271.965167
9,20,1272.273798
7,22,1272.602401
9,20,1272.903004
9,20,1273.215237
9,20,1273.513896
8,19,1273.792361
9,20,1274.095688
6,17,1274.353199
3,18,1274.583496
4,15,1274.802647
-2,9,1274.914739
8,21,1275.217795
9,20,1275.518121
9,20,1275.82058
8,21,1276.127489
9,20,1276.429117
9,20,1276.726739
9,20,1277.024072
-1,10,1277.165347
8,21,1277.468908
8,21,1277.769091
8,21,1278.077966
9,20,1278.382425
7,20,1278.725096
8,19,1279.008796
8,21,1279.306536
9,20,1279.601789
9,20,1279.901449
-3,8,1280.007322
7,20,1280.291808
-2,9,1280.408755
6,17,1280.659554
9,20,1280.961942
9,20,1281.259029
7,22,1281.571053
9,20,1281.868104
-3,8,1281.967455
9,20,1282.266472
8,19,1282.5555
8,21,1282.855931
9,20,1283.158192
7,22,1283.468688
8,19,1283.746951
9,20,1284.046272
9,20,1284.343534
7,22,1284.647096
9,20,1284.944479
9,20,1285.241331
9,20,1285.537564
7,22,1285.85509
9,20,1286.151469
8,19,1286.459162
8,21,1286.76152
9,20,1287.060697
8,21,1287.359477
8,21,1287.661226
9,20,1287.957953
9,20,1288.254424
9,20,1288.553442
9,20,1288.857977
9,20,1289.154107
9,20,1289.452744
4,15,1289.657502
9,20,1289.96155
9,20,1290.258392
9,20,1290.557164
7,22,1290.857206
9,20,1291.156664
8,21,1291.457819
9,20,1291.754424
9,20,1292.053082
4,25,1292.3588
9,20,1292.663632
8,21,1292.967972
9,20,1293.268596
9,20,1293.566793
7,20,1293.848126
8,21,1294.152411
9,20,1294.45129
6,19,1294.70506
9,20,1295.000937
9,20,1295.298329
9,20,1295.600768
9,20,1295.897321
8,21,1296.207612
9,20,1296.506089
-1,10,1296.638674
9,20,1296.935082
8,21,1297.233412
8,19,1297.516344
1,12,1297.671832
-5,6,1297.746426
9,20,1298.043462
8,21,1298.34389
7,22,1298.647287
7,22,1298.945568
8,21,1299.246107
9,20,1299.547363
9,20,1299.846897
9,20,1300.143239
7,22,1300.44791
9,20,1300.743256
9,20,1301.041919
9,20,1301.340374
8,21,1301.638433
9,20,1301.936819
8,21,1302.239406
8,21,1302.535749
9,20,1302.8326
7,22,1303.141508
7,22,1303.451842
9,20,1303.748577
9,20,1304.043442
8,21,1304.342629
9,20,1304.639621
9,20,1304.936796
8,19,1305.217984
9,20,1305.516916
9,20,1305.819552
9,20,1306.122915
7,22,1306.42891
9,20,1306.725779
4,15,1306.925072
8,21,1307.222858
9,20,1307.521175
9,20,1307.817795
9,20,1308.114288
3,14,1308.307671
9,20,1308.604864
9,20,1308.900801
8,21,1309.197923
5,20,1309.456684
-4,7,1309.546719
8,21,1309.845695
-3,8,1309.946143
9,20,1310.240679
8,21,1310.54652
9,20,1310.842675
9,20,1311.143808
8,21,1311.447807
8,21,1311.75126
9,20,1312.047605
8,21,1312.346619
9,20,1312.644295
8,21,1312.942836
9,20,1313.2399
8,21,1313.53873
9,20,1313.835778
9,20,1314.133719
8,21,1314.439136
9,20,1314.741919
9,20,1315.039234
8,21,1315.339924
9,20,1315.638599
2,13,1315.804023
-4,7,1315.898925
8,19,1316.173462
9,20,1316.471576
7,22,1316.773759
9,20,1317.073055
9,20,1317.369704
-3,12,1317.530114
9,20,1317.834006
9,20,1318.134347
-3,8,1318.236707
8,21,1318.534196
8,21,1318.830955
7,20,1319.10992
9,20,1319.408041
6,19,1319.664606
9,20,1319.963899
2,15,1320.150298
3,14,1320.33661
9,20,1320.636
9,20,1320.932536
9,20,1321.233656
8,21,1321.53918
9,20,1321.835658
9,20,1322.133478
4,17,1322.361874
7,22,1322.675513
9,20,1322.974501
7,22,1323.273619
9,20,1323.572479
9,20,1323.86926
9,20,1324.166263
5,16,1324.385788
8,21,1324.685533
8,21,1324.989585
9,20,1325.287743
8,21,1325.587164
9,20,1325.884144
8,21,1326.180445
8,21,1326.480943
7,20,1326.77651
9,20,1327.074305
9,20,1327.372929
3,18,1327.595925
9,20,1327.891475
9,20,1328.187586
0,11,1328.327191
9,20,1328.625354
7,22,1328.927977
9,20,1329.224745
0,11,1329.368854
9,20,1329.663663
9,20,1329.961095
9,20,1330.255045
9,20,1330.551785
8,21,1330.8497
8,21,1331.147273
9,20,1331.444902
9,20,1331.744082
8,21,1332.041846
9,20,1332.346782
9,20,1332.645418
8,21,1332.946879
9,20,1333.241424
9,20,1333.53701
4,15,1333.742299
8,21,1334.038707
7,22,1334.338074
9,20,1334.635567
8,21,1334.932656
9,20,1335.229419
8,21,1335.531096
8,21,1335.828592
8,21,1336.124932
0,11,1336.262832
9,20,1336.563429
8,21,1336.862912
9,20,1337.159135
9,20,1337.457452
9,20,1337.752848
8,21,1338.062702
9,20,1338.358338
9,20,1338.653865
9,20,1338.950164
9,20,1339.247638
9,20,1339.551394
0,11,1339.69004
8,21,1339.988441
9,20,1340.283657
9,20,1340.581497
8,21,1340.88748
8,21,1341.187815
9,20,1341.486758
8,21,1341.7869
9,20,1342.082475
9,20,1342.378447
8,21,1342.675999
9,20,1342.974117
-1,10,1343.097917
9,20,1343.395291
9,20,1343.691851
9,20,1343.988633
8,21,1344.289263
9,20,1344.592346
2,13,1344.771889
8,21,1345.071195
9,20,1345.368115
9,20,1345.667483
8,21,1345.966046
8,21,1346.273816
9,20,1346.579506
8,21,1346.885104
9,20,1347.182023
7,22,1347.484793
8,21,1347.78263
6,21,1348.063909
8,21,1348.360558
9,20,1348.656101
8,21,1348.955712
8,21,1349.253814
4,15,1349.458136
8,21,1349.75902
9,20,1350.054878
9,20,1350.350456
8,21,1350.652381
9,20,1350.953664
8,21,1351.255718
9,20,1351.552487
9,20,1351.85063
9,20,1352.145851
8,21,1352.46007
7,20,1352.737568
3,14,1352.916712
9,20,1353.215766
9,20,1353.512708
9,20,1353.809097
9,20,1354.119035
9,20,1354.417431
9,20,1354.715095
7,22,1355.017497
9,20,1355.312673
7,22,1355.611764
8,21,1355.911268
-2,9,1356.026511
9,20,1356.321654
8,21,1356.623064
9,20,1356.919326
9,20,1357.217604
9,20,1357.516283
9,20,1357.813345
9,20,1358.108396
8,21,1358.41166
8,21,1358.712224
7,22,1359.009575
9,20,1359.307415
9,20,1359.604352
9,20,1359.900663
8,21,1360.199393
8,21,1360.502495
9,20,1360.800555
9,20,1361.101261
7,22,1361.418048
7,22,1361.719821
5,16,1361.941171
0,11,1362.078899
9,20,1362.3739
9,20,1362.673008
9,20,1362.969928
8,21,1363.267681
9,20,1363.566664
8,21,1363.864994
9,20,1364.162172
8,21,1364.459767
9,20,1364.75869
9,20,1365.056234
7,20,1365.331496
8,21,1365.634513
8,21,1365.933084
9,20,1366.229412
-5,6,1366.309238
9,20,1366.607889
8,21,1366.913711
9,20,1367.211229
9,20,1367.507303
3,18,1367.732708
9,20,1368.02877
-1,10,1368.156844
8,21,1368.472776
8,21,1368.772869
7,22,1369.075959
7,22,1369.374176
9,20,1369.672805
8,21,1369.972045
9,20,1370.267858
9,20,1370.565885
9,20,1370.859951
8,21,1371.158778
2,13,1371.329014
9,20,1371.623236
9,20,1371.920398
8,21,1372.216698
9,20,1372.513668
9,20,1372.80948
9,20,1373.105179
8,21,1373.40108
9,20,1373.696625
9,20,1374.00061
9,20,1374.306841
9,20,1374.612968
9,20,1374.910775
9,20,1375.207275
9,20,1375.504279
9,20,1375.808097
9,20,1376.104927
9,20,1376.400579
9,20,1376.69971
8,21,1376.999857
9,20,1377.295909
9,20,1377.593562
8,21,1377.890299
9,20,1378.186976
9,20,1378.485416
1,12,1378.645089
9,20,1378.941174
8,19,1379.215737
9,20,1379.512599
8,21,1379.811812
9,20,1380.111412
9,20,1380.409546
9,20,1380.70778
9,20,1381.002693
9,20,1381.304192
9,20,1381.609659
7,22,1381.912235
8,21,1382.209403
9,20,1382.507945
-2,9,1382.632245
-1,10,1382.754435
9,20,1383.058195
9,20,1383.35651
-3,8,1383.457841
8,19,1383.739217
7,22,1384.03887
9,20,1384.337524
9,20,1384.636698
9,20,1384.934774
8,21,1385.238226
9,20,1385.538302
9,20,1385.834783
5,18,1386.086294
8,21,1386.38473
9,20,1386.686707
9,20,1386.98758
7,22,1387.313032
8,21,1387.610802
9,20,1387.909478
9,20,1388.206884
9,20,1388.511342
0,11,1388.662432
9,20,1388.959849
9,20,1389.25665
8,21,1389.557143
8,21,1389.859019
9,20,1390.156122
9,20,1390.458414
9,20,1390.756314
-2,11,1390.894389
9,20,1391.190971
9,20,1391.49638
9,20,1391.799823
9,20,1392.100446
9,20,1392.394268
5,20,1392.661519
3,24,1392.962442
3,16,1393.174313
8,19,1393.457327
9,20,1393.754753
9,20,1394.052194
8,21,1394.367264
8,21,1394.663453
9,20,1394.959921
9,20,1395.257602
9,20,1395.557966
9,20,1395.857957
8,21,1396.156682
9,20,1396.454511
8,21,1396.751639
7,20,1397.024267
4,15,1397.230732
8,19,1397.513625
8,21,1397.814684
9,20,1398.111604
9,20,1398.409521
9,20,1398.707492
8,21,1399.012196
8,21,1399.318077
9,20,1399.614209
9,20,1399.911068
9,20,1400.208219
8,21,1400.524067
9,20,1400.825887
8,21,1401.125094
9,20,1401.424139
9,20,1401.721708
9,20,1402.019253
8,21,1402.317602
9,20,1402.617856
5,22,1402.907633
9,20,1403.204803
8,21,1403.502595
9,20,1403.802456
9,20,1404.100509
8,21,1404.398565
9,20,1404.696493
8,21,1405.002004
7,22,1405.308901
9,20,1405.605237
9,20,1405.901685
9,20,1406.209011
8,21,1406.513284
8,21,1406.813734
-2,9,1406.930941
1,14,1407.121783
9,20,1407.417637
9,20,1407.718844
8,19,1407.999594
9,20,1408.2937
9,20,1408.590441
9,20,1408.889284
8,21,1409.1864
9,20,1409.48346
9,20,1409.781586
8,21,1410.080235
-1,10,1410.205109
8,21,1410.503147
8,21,1410.800523
8,19,1411.075255
9,20,1411.373084
9,20,1411.672259
9,20,1411.972751
9,20,1412.275573
9,20,1412.576631
8,21,1412.890235
9,20,1413.1908
8,21,1413.49906
9,20,1413.796892
9,20,1414.091395
9,20,1414.388007
8,21,1414.684526
9,20,1414.979478
9,20,1415.277626
9,20,1415.574271
7,22,1415.892473
9,20,1416.188037
8,21,1416.488064
9,20,1416.78784
8,21,1417.092295
9,20,1417.396484
8,21,1417.699032
9,20,1417.996874
9,20,1418.292223
9,20,1418.589074
9,20,1418.886832
7,22,1419.183776
9,20,1419.485465
9,20,1419.784339
9,20,1420.082497
9,20,1420.380074
9,20,1420.678344
9,20,1420.976222
9,20,1421.272699
9,20,1421.572137
9,20,1421.8743
7,22,1422.183492
9,20,1422.48431
7,20,1422.783641
9,20,1423.080515
9,20,1423.379196
7,20,1423.655186
8,21,1423.953429
8,21,1424.25105
9,20,1424.547907
5,18,1424.793604
9,20,1425.090013
8,21,1425.388008
8,21,1425.685192
9,20,1425.983047
9,20,1426.280448
9,20,1426.580333
9,20,1426.888531
9,20,1427.188726
9,20,1427.485981
8,21,1427.785032
7,20,1428.061356
8,21,1428.360329
9,20,1428.657077
9,20,1428.954703
9,20,1429.251306
9,20,1429.549174
9,20,1429.846027
8,21,1430.146154
8,21,1430.447188
9,20,1430.743265
8,21,1431.03948
9,20,1431.336693
7,22,1431.63676
8,19,1431.910748
9,20,1432.207257
8,21,1432.502905
8,21,1432.807582
9,20,1433.104001
8,19,1433.373385
9,20,1433.668872
9,20,1433.963556
9,20,1434.266021
9,20,1434.564462
9,20,1434.861851
9,20,1435.158575
8,21,1435.461173
9,20,1435.75942
9,20,1436.055093
9,20,1436.351349
7,22,1436.652841
9,20,1436.949706
8,21,1437.249112
8,21,1437.548398
8,21,1437.85169
7,22,1438.151353
9,20,1438.44773
8,21,1438.744409
9,20,1439.041831
8,21,1439.338262
8,19,1439.613253
9,20,1439.912079
9,20,1440.208489
0,11,1440.356673
9,20,1440.653733
9,20,1440.950366
9,20,1441.247549
8,21,1441.575029
4,21,1441.845025
9,20,1442.143079
8,21,1442.446847
9,20,1442.746772
8,21,1443.042552
2,13,1443.223076
8,21,1443.519363
6,21,1443.817205
8,21,1444.114968
9,20,1444.412039
9,20,1444.707847
9,20,1445.003582
8,19,1445.280974
9,20,1445.579296
4,17,1445.810913
7,22,1446.107191
6,17,1446.34676
9,20,1446.64493
8,21,1446.945764
9,20,1447.241486
9,20,1447.540614
8,21,1447.842943
7,22,1448.146433
9,20,1448.446105
9,20,1448.751659
9,20,1449.05058
-8,3,1449.092855
8,21,1449.391287
9,20,1449.687514
9,20,1449.983821
9,20,1450.280689
9,20,1450.575966
8,21,1450.881578
9,20,1451.177995
7,20,1451.461008
7,22,1451.766393
8,21,1452.083468
6,23,1452.382208
7,22,1452.691106
8,21,1452.992298
9,20,1453.293829
8,21,1453.590339
9,20,1453.8876
8,21,1454.192507
9,20,1454.488639
9,20,1454.785533
9,20,1455.081598
9,20,1455.378418
9,20,1455.674029
